customer_id,customer_name,email_masked,phone_masked
642,Troy Mitchell,Tr***@gmail.com,83******68
881,Sarah Guerrero,Sa***@yahoo.com,71******11
505,Samantha Hull,Sa***@outlook.com,74******65
794,Gerald Cooper,Ge***@gmail.com,97******01
864,Cameron Black,Ca***@yahoo.com,99******77
181,Maria Robinson,Ma***@gmail.com,87******17
142,Charles Brown,Ch***@gmail.com,99******22
457,Cathy Harris,Ca***@gmail.com,83******76
749,Linda Lara,Li***@outlook.com,74******01
146,Jose Thomas,Jo***@outlook.com,83******63
946,Lisa Cochran,Li***@gmail.com,83******19
757,Yvette Clark,Yv***@gmail.com,60******34
838,Susan Torres,Su***@outlook.com,87******26
117,Brent Clark,Br***@gmail.com,90******98
923,George Wilkinson,Ge***@gmail.com,65******22
765,Eric Gaines,Er***@yahoo.com,76******27
570,Donald Carter,Do***@gmail.com,79******19
973,Allen Gilbert,Al***@outlook.com,75******31
786,Jeremiah Simmons,Je***@outlook.com,71******16
576,Angela Weiss,An***@yahoo.com,64******39
256,Nicole Williams,Ni***@gmail.com,92******32
737,Kimberly Lloyd,Ki***@gmail.com,60******93
104,Amanda Castillo,Am***@yahoo.com,92******48
799,Stephanie Dunn,St***@gmail.com,74******44
249,Alyssa Henderson,Al***@gmail.com,99******09
149,Ashley Mejia,As***@outlook.com,68******43
927,Bradley Sparks,Br***@gmail.com,82******14
868,Timothy Henderson,Ti***@gmail.com,65******86
1,Karen Pollard,Ka***@yahoo.com,71******63
980,Alexis Andrews,Al***@gmail.com,96******41
455,Morgan Wright,Mo***@yahoo.com,98******87
367,Joshua Tate,Jo***@outlook.com,98******16
968,Keith Davis,Ke***@yahoo.com,63******12
390,Erika Knight,Er***@gmail.com,88******25
528,Kerri Rodriguez,Ke***@gmail.com,77******93
46,Mallory Boyd,Ma***@gmail.com,69******49
437,Carrie Landry,Ca***@outlook.com,99******06
234,Kristin Taylor,Kr***@outlook.com,61******10
391,Catherine Beard,Ca***@gmail.com,92******05
743,Dorothy Davis,Do***@yahoo.com,84******00
17,Duane Hall,Du***@outlook.com,74******49
861,Tim Brock,Ti***@outlook.com,88******91
213,Nancy Lee,Na***@yahoo.com,88******42
220,Maria Walker,Ma***@gmail.com,73******10
463,Kevin Cruz,Ke***@gmail.com,80******73
429,Michael Welch,Mi***@gmail.com,96******50
222,Emily Hernandez,Em***@gmail.com,89******56
971,Larry Ramos,La***@gmail.com,89******14
670,Fernando Kelly,Fe***@yahoo.com,89******11
485,James Harris,Ja***@yahoo.com,84******57
883,Charles David,Ch***@yahoo.com,60******22
202,Amanda Reed,Am***@yahoo.com,65******99
817,Nicole Ross,Ni***@gmail.com,82******66
801,Brandi Bryan,Br***@gmail.com,74******83
284,Erin Richmond,Er***@gmail.com,92******78
72,Michael Wood,Mi***@gmail.com,83******77
873,Tracy Bass,Tr***@outlook.com,68******34
854,Dennis Dorsey,De***@yahoo.com,70******16
874,Samuel Patel,Sa***@gmail.com,68******67
507,Thomas Cameron,Th***@outlook.com,92******64
736,Lisa Lee,Li***@gmail.com,70******21
182,Kathleen Castro,Ka***@outlook.com,88******67
341,Cory Alvarado,Co***@outlook.com,76******55
937,Nicole Woods,Ni***@yahoo.com,93******75
164,Shawn Stewart,Sh***@gmail.com,71******54
188,Allison Oliver,Al***@gmail.com,98******24
603,Shawn Roberson,Sh***@gmail.com,64******75
656,Adam White,Ad***@yahoo.com,90******07
687,Robert Estrada,Ro***@yahoo.com,86******73
186,Dawn Garrett,Da***@gmail.com,96******01
865,Jessica Patterson,Je***@outlook.com,93******60
523,Emily Cohen,Em***@gmail.com,91******27
729,Elizabeth Hunt,El***@outlook.com,89******21
977,Gloria Navarro,Gl***@yahoo.com,72******62
735,Elizabeth Kemp,El***@yahoo.com,65******68
704,Susan Thomas,Su***@outlook.com,60******32
578,Kristi Wilson,Kr***@yahoo.com,60******23
11,James Leblanc,Ja***@gmail.com,82******60
379,Andres Stokes,An***@yahoo.com,81******61
108,Andrew Vazquez,An***@yahoo.com,95******27
427,Kelly Mccormick,Ke***@outlook.com,60******70
454,Larry Perkins,La***@yahoo.com,79******36
975,Jacqueline Doyle,Ja***@outlook.com,81******90
992,William Rose,Wi***@gmail.com,69******06
439,Billy James,Bi***@outlook.com,89******74
645,Joshua Burton,Jo***@outlook.com,67******88
728,Lisa Miller,Li***@gmail.com,87******95
403,Taylor Ellison,Ta***@gmail.com,82******32
50,Stacey Henderson,St***@gmail.com,60******85
478,Crystal Mejia,Cr***@outlook.com,84******87
153,Stephanie Hanna,St***@outlook.com,96******01
372,Brandon Gordon,Br***@gmail.com,78******02
753,Kelly Ball,Ke***@gmail.com,65******69
1000,Shannon Haley,Sh***@gmail.com,76******01
909,Jacqueline Frye,Ja***@gmail.com,60******95
788,William Wright,Wi***@gmail.com,85******93
713,Jason Griffin,Ja***@gmail.com,89******07
54,Jessica Hernandez,Je***@outlook.com,71******54
89,Joseph Davis,Jo***@yahoo.com,73******48
724,Kimberly Winters,Ki***@gmail.com,84******93
128,Ethan Porter,Et***@yahoo.com,69******64
264,Kelli Johnson,Ke***@gmail.com,98******31
637,Kevin King,Ke***@yahoo.com,89******30
381,Melissa Garza,Me***@gmail.com,69******06
286,Carmen Sanders,Ca***@gmail.com,88******19
484,Eric Cabrera,Er***@gmail.com,61******33
270,Katherine Shaw,Ka***@yahoo.com,90******08
756,Juan Mata,Ju***@yahoo.com,68******18
206,Kevin Cox,Ke***@outlook.com,93******08
822,Christine Rivera,Ch***@yahoo.com,66******21
618,Alan Torres,Al***@yahoo.com,73******05
175,Shelby Casey,Sh***@gmail.com,81******33
549,Jacob Hopkins,Ja***@gmail.com,68******90
387,Kenneth Rocha,Ke***@outlook.com,63******83
592,Timothy Medina,Ti***@gmail.com,70******01
580,Meredith Walker,Me***@yahoo.com,78******46
115,Linda Graham,Li***@gmail.com,86******68
710,April Moore,Ap***@gmail.com,97******76
150,Donald Bradley,Do***@gmail.com,63******20
274,Joseph Parker,Jo***@gmail.com,79******06
173,Joshua Smith,Jo***@outlook.com,93******78
702,Robert Jackson,Ro***@gmail.com,81******38
362,David Wells,Da***@yahoo.com,76******22
863,Travis Morgan,Tr***@gmail.com,71******57
38,Laura Shelton,La***@gmail.com,65******05
432,Charles Nelson,Ch***@yahoo.com,90******74
907,Jeffrey Mccall,Je***@gmail.com,67******50
400,Brenda Johnson,Br***@yahoo.com,79******93
180,Chelsea Meyer,Ch***@yahoo.com,63******60
137,Kathleen Douglas,Ka***@yahoo.com,80******44
313,Mary Lowe,Ma***@outlook.com,66******40
718,Rebecca Mills,Re***@outlook.com,93******68
311,Juan Murphy,Ju***@yahoo.com,74******60
111,Alyssa Mitchell,Al***@gmail.com,93******86
139,Melissa Peterson,Me***@outlook.com,87******33
644,John Parrish,Jo***@gmail.com,70******81
917,Alexandria Marks,Al***@gmail.com,88******19
294,Jared Moreno,Ja***@gmail.com,66******09
171,Michael Church,Mi***@gmail.com,86******81
835,Juan Watkins,Ju***@outlook.com,79******80
363,Leonard Travis,Le***@gmail.com,90******72
334,Brenda Gonzales,Br***@gmail.com,90******83
39,Megan Jones,Me***@gmail.com,72******86
892,Logan Hayes,Lo***@yahoo.com,64******03
152,Levi Leon,Le***@gmail.com,66******06
944,Julie Rodriguez,Ju***@yahoo.com,74******79
197,Gabriel Mills,Ga***@gmail.com,84******37
993,Julie Wade,Ju***@outlook.com,74******25
525,Laura Barajas,La***@gmail.com,85******00
976,Paula Rogers,Pa***@gmail.com,87******25
820,Mary Goodwin,Ma***@yahoo.com,85******01
92,Kelly Chang,Ke***@yahoo.com,94******79
721,Robert Villa,Ro***@yahoo.com,82******53
893,Taylor Walton,Ta***@outlook.com,71******86
871,Joel Hall,Jo***@gmail.com,89******29
5,Kathleen Olson,Ka***@gmail.com,64******05
368,Emily Scott,Em***@yahoo.com,91******34
97,Joseph Nolan,Jo***@outlook.com,95******93
22,James Walters,Ja***@gmail.com,65******42
260,Cynthia Fields,Cy***@gmail.com,68******11
288,Darren Parker,Da***@outlook.com,77******69
565,Craig Moore,Cr***@gmail.com,99******11
500,Katelyn Garza,Ka***@yahoo.com,62******83
693,Joseph Maldonado,Jo***@yahoo.com,80******57
348,James Nash,Ja***@gmail.com,77******37
380,Matthew Douglas,Ma***@gmail.com,83******93
672,Austin Perez,Au***@gmail.com,60******18
545,Paul Howell,Pa***@gmail.com,88******03
996,Barbara Morris,Ba***@gmail.com,87******56
200,Miguel Proctor,Mi***@gmail.com,81******35
585,Clifford Hayes,Cl***@gmail.com,65******42
843,Chelsea Hester,Ch***@gmail.com,81******61
552,Anthony Cox,An***@gmail.com,77******92
744,Ashley Hull,As***@outlook.com,67******82
243,Christian Martin,Ch***@yahoo.com,63******62
56,Joshua Li,Jo***@gmail.com,70******90
511,Eric Johnson,Er***@gmail.com,85******34
248,Anthony Henry,An***@yahoo.com,70******30
344,Brian Wells,Br***@gmail.com,84******08
263,Joshua Anderson,Jo***@outlook.com,79******42
628,Kelly Turner,Ke***@gmail.com,81******26
76,Cindy Lewis,Ci***@outlook.com,66******66
951,Richard Miller,Ri***@yahoo.com,71******79
929,Charles Key,Ch***@gmail.com,73******46
988,John Thomas,Jo***@gmail.com,91******39
258,Larry Taylor,La***@yahoo.com,98******95
91,Christopher Martin,Ch***@outlook.com,83******11
392,Jeffery Wallace,Je***@gmail.com,83******77
261,Ronnie Martin,Ro***@yahoo.com,84******60
247,David Cherry,Da***@yahoo.com,62******39
659,Jason Liu,Ja***@outlook.com,88******92
81,Michael Wagner,Mi***@yahoo.com,97******74
904,Audrey Skinner,Au***@yahoo.com,65******73
796,Jasmine Lopez,Ja***@outlook.com,91******17
763,David Howard,Da***@gmail.com,86******89
774,Antonio Evans,An***@gmail.com,71******42
560,Anthony Lawrence,An***@gmail.com,75******87
107,Cory Tyler,Co***@outlook.com,72******13
298,Ryan Massey,Ry***@gmail.com,64******86
953,Adam Taylor,Ad***@gmail.com,91******91
189,Melinda Rodriguez,Me***@outlook.com,82******97
682,Crystal Mccarthy,Cr***@gmail.com,75******26
987,Daniel Harper,Da***@outlook.com,61******59
699,Kristin Hawkins,Kr***@yahoo.com,62******16
154,Michael Smith,Mi***@yahoo.com,94******50
911,Kelly Le,Ke***@outlook.com,68******69
207,Tonya Lopez,To***@gmail.com,80******19
417,Kristina Lewis,Kr***@gmail.com,78******32
431,Tracie Kim,Tr***@yahoo.com,83******30
320,Stephen Tyler,St***@yahoo.com,80******67
597,Paul Foster,Pa***@gmail.com,86******74
747,Laura Edwards,La***@yahoo.com,69******69
14,Joseph Jones,Jo***@gmail.com,89******82
305,Zachary Cabrera,Za***@outlook.com,80******96
307,Evelyn Bridges,Ev***@gmail.com,91******28
827,Jonathan Sandoval,Jo***@yahoo.com,87******34
556,Roger Guerrero,Ro***@yahoo.com,88******88
610,Melissa Jones,Me***@gmail.com,86******33
114,Mark Baird,Ma***@outlook.com,63******74
876,David Whitaker,Da***@gmail.com,90******57
407,Erika Maxwell,Er***@gmail.com,85******79
588,Casey Edwards,Ca***@gmail.com,62******45
780,Elizabeth Miller,El***@yahoo.com,82******98
45,Tasha Baker,Ta***@gmail.com,75******43
297,Susan Hill,Su***@outlook.com,69******63
705,Amy Brewer,Am***@yahoo.com,97******18
900,Gary Phillips,Ga***@yahoo.com,87******46
596,Douglas Johnson,Do***@gmail.com,85******50
41,Brandon Robinson,Br***@outlook.com,60******06
67,Jamie Harvey,Ja***@gmail.com,74******28
425,Lindsay Buchanan,Li***@outlook.com,83******79
102,Jennifer Rodriguez,Je***@yahoo.com,74******88
778,Angela Park,An***@outlook.com,73******96
738,Brent Smith,Br***@gmail.com,77******44
217,Eric Cross,Er***@gmail.com,65******96
688,Peter Chavez,Pe***@outlook.com,88******48
255,Madison Tate,Ma***@yahoo.com,74******79
869,Krystal Hudson,Kr***@yahoo.com,96******79
571,Frederick Stevenson,Fr***@outlook.com,65******16
573,Erin Duncan,Er***@gmail.com,79******15
250,Steven Baker,St***@gmail.com,62******24
433,Gary Graham,Ga***@gmail.com,67******55
653,Jodi Kim,Jo***@gmail.com,90******33
667,Kelsey Mendoza,Ke***@outlook.com,75******12
416,Katelyn Flores,Ka***@yahoo.com,73******50
120,Michael Horton,Mi***@gmail.com,74******29
967,Brittany Bush,Br***@yahoo.com,88******54
477,Willie Mata,Wi***@outlook.com,86******29
769,April Sutton,Ap***@gmail.com,70******41
398,Michele Sanchez,Mi***@outlook.com,60******61
630,Charles Thompson,Ch***@gmail.com,94******82
252,Shannon Dennis,Sh***@gmail.com,62******31
694,Lori Barrera,Lo***@gmail.com,95******73
165,Rebecca Hays,Re***@outlook.com,93******79
961,Derek Hall,De***@gmail.com,74******75
879,Andrew Johnston,An***@yahoo.com,92******66
291,Jerry Freeman,Je***@gmail.com,81******01
159,Patrick Lucas,Pa***@gmail.com,76******39
296,Katherine Frazier,Ka***@yahoo.com,72******97
636,Christopher Clark,Ch***@gmail.com,76******66
435,Wendy Robinson,We***@gmail.com,78******54
346,Erin Frye,Er***@yahoo.com,62******11
204,Kevin Osborne,Ke***@gmail.com,62******34
978,Nicole George,Ni***@gmail.com,83******50
891,Natalie Hammond,Na***@yahoo.com,70******43
21,Andrea Ford,An***@yahoo.com,65******11
4,Kelly Brown,Ke***@gmail.com,68******99
360,Lindsey Yang,Li***@gmail.com,98******92
524,Derek Garza,De***@outlook.com,97******88
619,Angelica Wood,An***@outlook.com,92******69
318,Gina Dickerson,Gi***@gmail.com,97******32
520,Holly Jackson,Ho***@outlook.com,80******36
716,John Mitchell,Jo***@outlook.com,75******27
762,Linda Webb,Li***@yahoo.com,70******08
640,Carrie Jacobson,Ca***@outlook.com,72******07
848,Eric Phillips,Er***@gmail.com,76******13
472,Christian Jennings,Ch***@outlook.com,67******40
90,Joe Gillespie,Jo***@gmail.com,63******92
138,Andrea Olson,An***@gmail.com,60******68
506,Stephanie Young,St***@yahoo.com,63******51
176,Robin Scott,Ro***@outlook.com,61******05
805,Latoya Baker,La***@gmail.com,73******40
599,David Johnson,Da***@gmail.com,74******74
771,Matthew Greer,Ma***@yahoo.com,82******12
960,Michaela Brown,Mi***@yahoo.com,98******42
6,Eric Turner,Er***@outlook.com,77******82
970,William Freeman,Wi***@gmail.com,71******42
55,Patrick Velez,Pa***@gmail.com,61******85
690,Cynthia Palmer,Cy***@gmail.com,72******21
393,Shannon Alvarez,Sh***@gmail.com,95******30
652,Charles Fleming,Ch***@yahoo.com,73******99
335,Jacob Evans,Ja***@yahoo.com,64******10
471,Jamie Kelly,Ja***@gmail.com,65******15
823,Brandon Bennett,Br***@gmail.com,83******17
340,Paul Smith,Pa***@yahoo.com,72******50
941,Chelsea Wallace,Ch***@outlook.com,96******36
183,Paul Gomez,Pa***@yahoo.com,88******50
415,Jackson Kaiser,Ja***@gmail.com,80******05
436,Jesse Conway,Je***@gmail.com,85******81
235,Robyn Rodriguez,Ro***@outlook.com,60******97
921,Jessica Taylor,Je***@outlook.com,97******82
991,Darlene Chapman,Da***@gmail.com,81******95
775,Roy Chavez,Ro***@gmail.com,75******10
746,James Meyer,Ja***@outlook.com,77******57
347,David Medina,Da***@outlook.com,91******89
155,James Fleming,Ja***@gmail.com,60******86
631,Colin Holt,Co***@gmail.com,78******40
157,Diana Grant,Di***@yahoo.com,91******09
916,Betty Mcdaniel,Be***@yahoo.com,73******68
350,Gregory Knapp,Gr***@yahoo.com,93******47
329,William Jackson,Wi***@outlook.com,78******06
411,Robin Hernandez,Ro***@yahoo.com,64******06
272,Gary Gilbert,Ga***@gmail.com,85******25
129,Thomas Wells,Th***@outlook.com,94******86
64,Sheri Osborne,Sh***@gmail.com,75******75
807,Steven Li,St***@outlook.com,69******30
561,Allison Lee,Al***@gmail.com,83******75
650,Michael Haynes,Mi***@yahoo.com,60******33
553,Veronica Davis,Ve***@gmail.com,96******72
691,Clayton Miles,Cl***@gmail.com,68******37
940,Nicole Briggs,Ni***@gmail.com,66******93
617,Patrick Rodriguez,Pa***@yahoo.com,73******34
915,Meagan Valdez,Me***@outlook.com,63******13
629,Alec Kelly,Al***@outlook.com,89******75
538,Haley Henderson,Ha***@outlook.com,71******76
955,Jake Davis,Ja***@yahoo.com,70******20
158,Tiffany Mitchell,Ti***@gmail.com,79******16
550,Raymond Martinez,Ra***@gmail.com,71******50
10,Tracy Olson,Tr***@yahoo.com,69******98
808,Brandon Hicks,Br***@yahoo.com,66******49
665,Nicole Gutierrez,Ni***@gmail.com,93******56
926,Lisa Reynolds,Li***@gmail.com,89******40
361,Daniel Williams,Da***@yahoo.com,98******66
945,Misty Parker,Mi***@gmail.com,60******45
195,Janice Berry,Ja***@yahoo.com,91******00
994,Amy Edwards,Am***@outlook.com,88******33
163,Robert Carlson,Ro***@gmail.com,86******58
793,Ronald Edwards,Ro***@gmail.com,78******49
122,Sara Chen,Sa***@yahoo.com,69******25
458,Jared Lane,Ja***@gmail.com,74******58
990,Carmen Bradford,Ca***@gmail.com,73******62
53,John Bridges,Jo***@outlook.com,98******17
177,Barbara Weber,Ba***@gmail.com,62******42
666,Emily Griffith,Em***@gmail.com,94******80
566,Tina Chung,Ti***@gmail.com,67******11
144,Amber Boyd,Am***@gmail.com,91******81
126,Matthew Park,Ma***@gmail.com,83******76
109,Michael Walker,Mi***@yahoo.com,99******71
166,David Simmons,Da***@gmail.com,77******94
9,Dillon Harris,Di***@gmail.com,84******06
386,Brittney Moreno,Br***@yahoo.com,95******69
527,Terri Williams,Te***@outlook.com,77******62
377,Michael Black,Mi***@gmail.com,60******02
770,Paul Jarvis,Pa***@gmail.com,96******27
598,Earl Park,Ea***@gmail.com,62******55
776,Erica Moore,Er***@gmail.com,77******31
135,Daniel Wallace,Da***@yahoo.com,89******14
145,Michael Hendrix,Mi***@outlook.com,69******96
606,Carol Arnold,Ca***@gmail.com,65******70
464,Gail Wilson,Ga***@outlook.com,77******38
833,Shawn Cooper,Sh***@gmail.com,68******09
554,Jason Myers,Ja***@gmail.com,71******40
639,James Blankenship,Ja***@gmail.com,88******94
82,Brittney Watkins,Br***@outlook.com,81******67
504,Victor Hendricks,Vi***@gmail.com,65******07
677,Mario Evans,Ma***@yahoo.com,70******25
445,Steven Byrd,St***@gmail.com,65******24
701,Dylan Stanley,Dy***@gmail.com,80******62
65,Sarah Jackson,Sa***@gmail.com,75******07
20,John Marshall,Jo***@yahoo.com,72******16
905,Katie George,Ka***@gmail.com,69******52
68,Stephanie Scott,St***@gmail.com,95******89
800,Ricardo Arnold,Ri***@outlook.com,95******77
901,Robert Mccoy,Ro***@gmail.com,61******32
364,Kelly Graves,Ke***@gmail.com,62******43
939,Megan Tran,Me***@outlook.com,85******84
191,Megan Nguyen,Me***@gmail.com,67******88
215,Crystal Aguilar,Cr***@gmail.com,61******10
382,Billy Ramirez,Bi***@gmail.com,97******85
185,Sarah Cohen,Sa***@outlook.com,88******28
516,Brittany Roberts,Br***@outlook.com,84******57
622,Hannah Bell,Ha***@yahoo.com,63******23
985,Lindsey Rivas,Li***@yahoo.com,84******56
574,Carl Barrera,Ca***@outlook.com,62******75
31,Lisa Velazquez,Li***@yahoo.com,75******35
196,Mary Hicks,Ma***@gmail.com,78******72
116,Doris Banks,Do***@yahoo.com,93******06
121,Deborah Vang,De***@gmail.com,82******07
963,Laura Stevenson,La***@outlook.com,75******05
375,Jessica Harrell,Je***@gmail.com,61******67
322,Allison Foster,Al***@gmail.com,87******70
902,Logan Reyes,Lo***@outlook.com,92******31
482,Nathaniel Montes,Na***@gmail.com,77******12
548,Jesse King,Je***@outlook.com,81******75
147,Rebecca Wallace,Re***@gmail.com,78******62
877,John Warren,Jo***@gmail.com,80******46
633,Julie Jackson,Ju***@gmail.com,71******01
351,Brandi Meyer,Br***@gmail.com,93******43
15,Robin Ray,Ro***@outlook.com,66******48
246,Franklin Carlson,Fr***@yahoo.com,81******77
853,James Guerrero,Ja***@gmail.com,68******49
208,Matthew Berry,Ma***@gmail.com,88******27
787,Lauren Wallace,La***@gmail.com,98******67
112,Bill Maldonado,Bi***@gmail.com,97******30
62,Sarah Park,Sa***@gmail.com,66******51
741,Carla Spencer,Ca***@yahoo.com,86******02
840,Veronica Ashley,Ve***@gmail.com,82******30
860,Christine Maddox,Ch***@outlook.com,65******75
293,Luke Cummings,Lu***@gmail.com,88******61
481,Valerie Phillips,Va***@gmail.com,84******27
118,Tammy Harding,Ta***@gmail.com,87******33
396,Connie Edwards,Co***@gmail.com,82******87
821,Margaret Parker,Ma***@gmail.com,98******68
16,Cesar Dean,Ce***@gmail.com,92******03
533,Andrew Riggs,An***@gmail.com,94******77
434,Robert Sosa,Ro***@yahoo.com,86******30
349,Joel Baker,Jo***@outlook.com,80******93
514,Joshua Cummings,Jo***@gmail.com,90******41
2,Steven Evans,St***@gmail.com,94******87
123,Trevor Sharp,Tr***@yahoo.com,61******57
233,Jacqueline Thomas,Ja***@gmail.com,65******95
709,Mike Roberts,Mi***@yahoo.com,77******92
73,Anthony Gonzalez,An***@yahoo.com,95******12
225,Caitlin Contreras,Ca***@yahoo.com,79******84
99,Maria Mathews,Ma***@gmail.com,91******64
537,Ernest Meyers,Er***@gmail.com,80******88
742,Wesley Davis,We***@outlook.com,69******46
503,Lauren Thomas,La***@yahoo.com,88******43
896,Tara Church,Ta***@yahoo.com,72******47
620,Alexander Meyer,Al***@yahoo.com,95******57
810,Mary Martin,Ma***@gmail.com,65******60
420,Marcus Wilkinson,Ma***@yahoo.com,75******10
586,Michael Mason,Mi***@outlook.com,70******72
826,Ryan Wade,Ry***@outlook.com,73******00
719,Michelle Bates,Mi***@gmail.com,74******12
240,Traci Farmer,Tr***@gmail.com,86******25
841,Diane Gomez,Di***@yahoo.com,65******22
513,Brandon Sims,Br***@outlook.com,70******19
459,Jason Moreno,Ja***@gmail.com,67******01
647,Michelle Conway,Mi***@yahoo.com,90******05
227,Tracey Garcia,Tr***@gmail.com,82******20
3,Marc Carter,Ma***@yahoo.com,80******72
354,Krista Oliver,Kr***@yahoo.com,74******16
203,Samantha Wells,Sa***@gmail.com,67******45
259,Kevin Ramirez,Ke***@outlook.com,86******85
245,Brittany Harris,Br***@gmail.com,89******97
878,Sarah Brown,Sa***@yahoo.com,97******98
984,Janet Long,Ja***@yahoo.com,95******95
846,Chris Garcia,Ch***@yahoo.com,86******91
849,Mark Carson,Ma***@yahoo.com,94******25
847,Eric Mejia,Er***@gmail.com,91******86
758,Nichole Jones,Ni***@yahoo.com,61******72
267,Scott Price,Sc***@yahoo.com,84******29
132,Ronald Harrison,Ro***@yahoo.com,72******67
654,Amy Ramos,Am***@gmail.com,83******59
714,Scott Lane,Sc***@gmail.com,99******50
989,Jason Huerta,Ja***@yahoo.com,95******62
600,James Schaefer,Ja***@gmail.com,92******20
466,Kyle Morris,Ky***@gmail.com,93******29
440,Tracy Sheppard,Tr***@gmail.com,65******96
845,Sara Smith,Sa***@outlook.com,61******26
353,Rachel Velasquez,Ra***@outlook.com,67******96
814,Donna Bennett,Do***@gmail.com,81******67
745,Jennifer Weeks,Je***@gmail.com,92******95
584,Stacie Jones,St***@gmail.com,96******93
965,Donald Poole,Do***@yahoo.com,71******35
280,David Morales,Da***@yahoo.com,92******30
638,Kaitlyn Reed,Ka***@gmail.com,68******13
205,Renee Harris,Re***@gmail.com,94******50
676,James Sanders,Ja***@gmail.com,87******46
468,Sonya Watts,So***@yahoo.com,90******64
71,Tina Bowers,Ti***@yahoo.com,74******05
754,Joshua Chandler,Jo***@gmail.com,85******70
962,Sharon Wood,Sh***@gmail.com,67******84
748,Sabrina Hopkins,Sa***@yahoo.com,71******90
339,Stacy Hernandez,St***@yahoo.com,76******84
37,Joshua Nunez,Jo***@yahoo.com,85******85
262,Michael Elliott,Mi***@yahoo.com,66******22
100,Thomas Walker,Th***@yahoo.com,64******24
522,Mike Campbell,Mi***@gmail.com,65******99
752,Mark Hill,Ma***@gmail.com,85******46
542,Angela Martin,An***@outlook.com,66******87
357,Kimberly Adams,Ki***@gmail.com,87******51
95,John Jacobs,Jo***@gmail.com,64******60
936,Brian Larson,Br***@yahoo.com,90******14
844,Philip Cervantes,Ph***@gmail.com,98******42
124,Sarah Rios,Sa***@outlook.com,79******48
899,Whitney Avila,Wh***@yahoo.com,84******15
551,Joel Coleman,Jo***@gmail.com,89******40
948,Deborah Payne,De***@yahoo.com,63******28
74,David Alvarez,Da***@yahoo.com,95******42
345,Kathy Smith,Ka***@yahoo.com,91******71
938,Mary Rogers,Ma***@gmail.com,97******23
330,Don Thompson,Do***@outlook.com,86******14
93,Judith Sanchez,Ju***@yahoo.com,84******76
680,Benjamin Anderson,Be***@yahoo.com,70******12
84,Paul Pacheco,Pa***@outlook.com,67******57
265,Frederick Ortiz,Fr***@yahoo.com,87******54
70,David Parker,Da***@gmail.com,80******07
254,Daniel Santos,Da***@yahoo.com,89******63
655,Julie Todd,Ju***@yahoo.com,98******56
48,Nancy Cole,Na***@gmail.com,78******05
110,Dale Hughes,Da***@gmail.com,97******73
268,Megan Little,Me***@gmail.com,86******31
338,Lisa Garrison,Li***@outlook.com,67******37
519,Kylie Ferguson,Ky***@yahoo.com,92******78
700,Thomas Navarro,Th***@yahoo.com,76******14
890,Holly Mckay,Ho***@yahoo.com,66******94
40,Kristina Harrell,Kr***@outlook.com,74******74
910,Cindy Price,Ci***@outlook.com,97******64
378,Rebecca Trujillo,Re***@gmail.com,63******68
300,Tiffany Miller,Ti***@outlook.com,68******97
789,Bryan Walker,Br***@gmail.com,75******67
336,Gregory Mitchell,Gr***@gmail.com,86******45
572,Holly Russell,Ho***@outlook.com,81******37
733,Jessica Lin,Je***@gmail.com,85******63
306,Margaret Gordon,Ma***@gmail.com,89******21
113,Patricia Carlson,Pa***@outlook.com,85******59
7,John Edwards,Jo***@outlook.com,97******76
887,Robert Brown,Ro***@gmail.com,92******26
13,Jay Knight,Ja***@gmail.com,69******70
880,Miranda Frank,Mi***@yahoo.com,72******40
446,Scott Smith,Sc***@gmail.com,85******83
438,Lindsay Bartlett,Li***@gmail.com,62******10
782,Monique Davis,Mo***@gmail.com,67******85
913,Craig Harris,Cr***@yahoo.com,79******10
661,Jennifer Cooper,Je***@outlook.com,80******09
540,Amy Cruz,Am***@gmail.com,70******67
564,Spencer Davis,Sp***@gmail.com,97******11
314,Paul Gonzales,Pa***@gmail.com,64******83
66,Jonathan Lewis,Jo***@gmail.com,60******80
950,Cheyenne Mason,Ch***@yahoo.com,73******31
725,Jody Martinez,Jo***@gmail.com,79******89
406,Gregory Nelson,Gr***@gmail.com,64******67
764,Jody Gardner,Jo***@outlook.com,86******67
214,Megan Hall,Me***@yahoo.com,69******84
641,Andre Rodriguez,An***@outlook.com,60******70
918,Grant Harris,Gr***@outlook.com,95******21
316,James Jordan,Ja***@gmail.com,85******13
410,Briana Greene,Br***@yahoo.com,73******15
460,Cynthia Schultz,Cy***@yahoo.com,64******81
79,Tony Jones,To***@yahoo.com,71******23
229,Randy Wilkins,Ra***@gmail.com,62******27
343,Allen Mcdowell,Al***@yahoo.com,75******70
942,Melissa Wilkerson,Me***@yahoo.com,93******20
419,William Taylor,Wi***@yahoo.com,85******68
8,Francisco Suarez,Fr***@gmail.com,97******30
768,Melissa Washington,Me***@outlook.com,69******27
168,Joyce Robertson,Jo***@yahoo.com,78******17
662,James Osborn,Ja***@yahoo.com,99******93
495,John Cummings,Jo***@yahoo.com,88******25
408,Hannah Russell,Ha***@yahoo.com,97******08
473,Daniel Tapia,Da***@yahoo.com,99******08
58,Michelle Barnes,Mi***@gmail.com,72******20
658,Douglas Sanders,Do***@gmail.com,63******80
895,Aaron Foster,Aa***@gmail.com,69******93
172,Daniel Smith,Da***@gmail.com,65******79
493,Stacy Bass,St***@yahoo.com,82******30
671,Sarah Frederick,Sa***@outlook.com,66******38
809,Kayla Hart,Ka***@yahoo.com,64******58
230,Jose Guerrero,Jo***@gmail.com,72******76
903,Susan Nicholson,Su***@yahoo.com,96******59
858,Kristina Stewart,Kr***@yahoo.com,85******97
283,Anna Bernard,An***@gmail.com,77******42
931,Melissa Lewis,Me***@gmail.com,95******95
44,John Saunders,Jo***@outlook.com,98******26
755,Keith Stafford,Ke***@yahoo.com,75******89
304,Aaron Moore,Aa***@outlook.com,87******46
544,Charles Weaver,Ch***@outlook.com,89******94
966,Susan Phillips,Su***@gmail.com,82******18
998,Joseph Perez,Jo***@gmail.com,64******36
232,Joel Reid,Jo***@gmail.com,81******20
922,Isaiah Watson,Is***@gmail.com,91******37
285,Amanda Anderson,Am***@outlook.com,90******74
850,Zachary Abbott,Za***@gmail.com,85******17
63,Joseph Little,Jo***@yahoo.com,77******53
77,Robert Diaz,Ro***@yahoo.com,69******45
502,Amy Stewart,Am***@gmail.com,99******62
894,Felicia Rollins,Fe***@yahoo.com,88******95
469,Michael Garcia,Mi***@gmail.com,75******16
698,Jennifer Mendoza,Je***@outlook.com,85******94
974,Phillip Rodriguez,Ph***@yahoo.com,87******16
836,Jennifer Ross,Je***@gmail.com,97******95
447,Zachary Johnson,Za***@gmail.com,60******36
557,Joseph Cowan,Jo***@gmail.com,64******09
430,Elizabeth Stephens,El***@gmail.com,81******57
483,Stephanie Holt,St***@outlook.com,71******07
558,Bryan Phelps,Br***@gmail.com,88******62
237,Jamie Casey,Ja***@yahoo.com,84******10
383,Debra Parker,De***@outlook.com,83******09
986,Judy Clark,Ju***@yahoo.com,98******86
925,Steve Ayala,St***@gmail.com,95******18
723,Christopher Walter,Ch***@gmail.com,90******07
450,Matthew Martinez,Ma***@outlook.com,61******44
136,Jasmine Miller,Ja***@yahoo.com,87******13
194,Leonard Taylor,Le***@gmail.com,88******98
674,Haley Alvarez,Ha***@outlook.com,99******72
816,Erika Martin,Er***@yahoo.com,70******45
889,Robert Carlson,Ro***@gmail.com,95******01
465,Heather Walker,He***@gmail.com,89******02
999,Elizabeth Brooks,El***@yahoo.com,88******06
269,Christina Conrad,Ch***@yahoo.com,83******47
404,Julian Cox,Ju***@outlook.com,99******39
211,Arthur Lopez,Ar***@yahoo.com,85******29
947,Gabriel Golden,Ga***@gmail.com,75******30
27,Ashley Simpson,As***@outlook.com,85******05
162,Kirsten Thomas,Ki***@yahoo.com,97******18
134,Marie Thomas,Ma***@outlook.com,79******77
187,Timothy Salazar,Ti***@yahoo.com,99******10
852,Morgan Lewis,Mo***@gmail.com,69******87
526,Paul Fields,Pa***@gmail.com,90******06
399,Rebecca French,Re***@gmail.com,79******49
131,Pamela Peterson,Pa***@gmail.com,65******47
356,Larry Mercado,La***@gmail.com,69******20
75,Jacob Mathis,Ja***@gmail.com,91******87
981,Christine Harper,Ch***@gmail.com,68******39
28,Nicholas Carroll,Ni***@gmail.com,93******42
87,Peter Silva,Pe***@outlook.com,72******54
604,Craig Miller,Cr***@outlook.com,68******47
244,Frederick Gonzalez,Fr***@outlook.com,78******50
443,Judy Patton,Ju***@yahoo.com,62******29
908,Michelle Shaw,Mi***@gmail.com,76******12
52,David Hernandez,Da***@gmail.com,93******99
422,Patrick Ramirez,Pa***@gmail.com,63******59
625,Elizabeth Duran,El***@gmail.com,78******97
303,Derek Rose,De***@gmail.com,96******11
178,Claudia Miles,Cl***@outlook.com,86******87
813,John Harris,Jo***@gmail.com,95******48
819,Daniel Vang,Da***@outlook.com,86******71
539,Kari Austin,Ka***@outlook.com,88******10
777,Charles Vang,Ch***@yahoo.com,93******91
287,Cory Howell,Co***@gmail.com,68******87
279,Lucas Stevens,Lu***@outlook.com,67******87
384,Jeffrey Williams,Je***@outlook.com,66******49
517,Fernando Garza,Fe***@gmail.com,70******00
449,Erin Summers,Er***@yahoo.com,96******05
167,Madison Gentry,Ma***@yahoo.com,63******28
660,Jessica Stephenson,Je***@gmail.com,86******90
43,Jennifer Frye,Je***@outlook.com,84******95
731,Mike Chavez,Mi***@outlook.com,63******56
273,John Evans,Jo***@outlook.com,99******99
290,Megan Carter,Me***@yahoo.com,62******23
959,Andrea Bailey,An***@gmail.com,67******07
717,Lisa Palmer,Li***@outlook.com,92******87
467,Tommy Brown,To***@outlook.com,67******92
494,Russell Estes,Ru***@yahoo.com,67******27
750,Kristi Blackwell,Kr***@yahoo.com,77******01
567,Benjamin Peters,Be***@gmail.com,78******38
143,Brian Johnson,Br***@yahoo.com,64******31
19,Jessica Osborne,Je***@outlook.com,86******00
209,Aaron Mclaughlin,Aa***@outlook.com,87******47
898,Joseph Tyler,Jo***@gmail.com,61******97
323,Victoria Phillips,Vi***@gmail.com,61******94
806,Jacqueline Cantu,Ja***@gmail.com,86******33
133,Christy Stone,Ch***@outlook.com,64******00
804,Tiffany Caldwell,Ti***@outlook.com,83******53
956,Christopher Ramos,Ch***@gmail.com,72******45
842,Amy Quinn,Am***@outlook.com,72******95
36,Brian Martinez,Br***@gmail.com,71******04
219,Alexander Phillips,Al***@gmail.com,72******92
83,Richard Lyons,Ri***@outlook.com,70******37
673,Nicole Davis,Ni***@gmail.com,97******01
441,Austin Bowman,Au***@gmail.com,95******27
156,Sara Romero,Sa***@gmail.com,91******62
492,Kelsey Torres,Ke***@outlook.com,60******67
221,David Hart,Da***@gmail.com,97******12
271,Jake Arnold,Ja***@gmail.com,92******82
957,Justin Doyle,Ju***@gmail.com,93******06
475,Natalie Andrews,Na***@outlook.com,74******48
696,Kristen Lloyd,Kr***@outlook.com,72******45
456,Christopher Williams,Ch***@gmail.com,79******50
414,Chase Johnson,Ch***@yahoo.com,62******15
529,Justin Brown,Ju***@outlook.com,75******82
569,Lindsay Levine,Li***@gmail.com,61******18
174,Jeffrey Lamb,Je***@gmail.com,77******42
170,Jasmine Ortega,Ja***@gmail.com,96******70
282,Tasha Roberson,Ta***@outlook.com,92******95
462,Steven Perry,St***@yahoo.com,69******79
35,Guy Walker,Gu***@gmail.com,95******11
577,John Johnson,Jo***@gmail.com,88******20
767,John Farmer,Jo***@outlook.com,62******80
543,William Estrada,Wi***@gmail.com,90******03
759,Lisa Butler,Li***@gmail.com,88******71
575,Willie Holloway,Wi***@gmail.com,74******39
12,Dylan Martinez,Dy***@gmail.com,75******78
886,Ashley Gamble,As***@gmail.com,72******16
199,Marissa Cortez,Ma***@gmail.com,65******00
530,Mark Fowler,Ma***@outlook.com,68******63
739,Brian Fuller,Br***@yahoo.com,77******38
872,David Miller,Da***@yahoo.com,87******05
251,Matthew Clarke,Ma***@gmail.com,72******08
192,Nina Robinson,Ni***@gmail.com,62******16
509,Valerie Brooks,Va***@gmail.com,77******47
26,Brittany Schmidt,Br***@yahoo.com,81******03
448,Eileen Moore,Ei***@gmail.com,60******51
409,Elizabeth Watson,El***@outlook.com,61******29
930,Jason Hubbard,Ja***@gmail.com,70******28
216,Patricia Myers,Pa***@gmail.com,88******11
563,Robert Baird,Ro***@gmail.com,64******00
646,Pamela Bennett,Pa***@outlook.com,97******61
614,Gregory Hernandez,Gr***@outlook.com,69******95
489,Jennifer Bell,Je***@gmail.com,60******18
697,Kimberly Hodges,Ki***@gmail.com,91******19
140,Aaron Black,Aa***@gmail.com,66******59
920,Gary Thomas,Ga***@gmail.com,69******67
663,Haley Todd,Ha***@outlook.com,86******35
501,Tammy Gomez,Ta***@yahoo.com,66******01
547,Melinda Brown,Me***@gmail.com,70******47
59,Mathew Jackson,Ma***@gmail.com,74******08
979,Amy Cherry,Am***@yahoo.com,72******68
546,Angel Gibson,An***@outlook.com,88******27
541,Melissa Perez,Me***@gmail.com,83******72
119,Dana Castro,Da***@yahoo.com,97******72
366,Kelsey Shelton,Ke***@gmail.com,86******51
402,Patricia Herring,Pa***@gmail.com,83******34
798,Amber Murphy,Am***@gmail.com,70******07
226,Shawn Townsend,Sh***@gmail.com,60******78
210,Cynthia Pugh,Cy***@yahoo.com,91******87
275,Edward Beck,Ed***@yahoo.com,87******34
101,Craig Ray,Cr***@gmail.com,83******16
582,Kristin Bradley,Kr***@gmail.com,74******44
969,Keith Woods,Ke***@yahoo.com,77******57
590,Christine Brown,Ch***@gmail.com,99******53
412,Nicole Ray,Ni***@yahoo.com,92******20
685,David Mcgee,Da***@gmail.com,97******21
103,Mathew Perkins,Ma***@outlook.com,82******66
837,Peter Maxwell,Pe***@yahoo.com,87******08
797,Anthony Martinez,An***@gmail.com,70******34
518,Alexander Davenport,Al***@yahoo.com,92******76
791,April Anderson,Ap***@gmail.com,86******29
326,Deborah Reyes,De***@outlook.com,73******57
581,Lindsey Tran,Li***@gmail.com,62******24
949,Madison Goodwin,Ma***@yahoo.com,85******93
359,Ryan Williams,Ry***@gmail.com,63******99
773,Gerald Cox,Ge***@gmail.com,71******12
487,Mark Thompson,Ma***@yahoo.com,68******88
327,Chris Parsons,Ch***@gmail.com,63******61
319,Kristen Richards,Kr***@gmail.com,63******11
772,Katelyn Gregory,Ka***@outlook.com,84******58
521,Christopher Colon,Ch***@gmail.com,90******28
952,Jennifer Franklin,Je***@gmail.com,68******14
683,Lauren Diaz,La***@outlook.com,81******00
224,Benjamin Reyes,Be***@gmail.com,77******09
634,Melissa Marshall,Me***@outlook.com,74******39
452,Cory Humphrey,Co***@gmail.com,99******38
933,Zachary Khan,Za***@gmail.com,93******81
295,Samuel Decker,Sa***@yahoo.com,64******76
289,Kelly Powell,Ke***@gmail.com,90******44
228,James Hernandez,Ja***@outlook.com,68******53
32,Shane Carlson,Sh***@gmail.com,78******10
389,Tyler Kim,Ty***@yahoo.com,82******16
281,Ashley Anderson,As***@gmail.com,99******33
266,Nicole Diaz,Ni***@gmail.com,84******74
395,John Lee,Jo***@yahoo.com,65******21
812,Chris Lane,Ch***@yahoo.com,64******84
29,Leah Dunn,Le***@outlook.com,77******79
151,Jennifer Sims,Je***@gmail.com,85******78
924,Mikayla Krause,Mi***@outlook.com,69******31
790,Andrea Jimenez,An***@yahoo.com,86******03
692,Paige Brown,Pa***@outlook.com,66******67
579,Christian Clay,Ch***@yahoo.com,65******46
488,Kathy Henry,Ka***@outlook.com,73******01
649,Carrie Johnson,Ca***@gmail.com,61******44
198,Carrie Houston,Ca***@gmail.com,93******07
18,Allison Adams,Al***@gmail.com,62******99
276,Kelly Montgomery,Ke***@gmail.com,90******46
480,Denise Guerra,De***@gmail.com,77******09
231,Jason Smith,Ja***@gmail.com,77******99
535,Jamie Mann,Ja***@gmail.com,92******72
867,Jeffrey Sanders,Je***@gmail.com,96******32
626,Tyler Martinez,Ty***@gmail.com,78******16
385,Austin Love,Au***@gmail.com,72******84
33,John Sullivan,Jo***@outlook.com,73******63
532,Scott Hall,Sc***@outlook.com,60******72
242,James Pham,Ja***@yahoo.com,97******50
615,Carolyn Torres,Ca***@gmail.com,66******38
830,Joel Charles,Jo***@gmail.com,82******54
405,Tina Olson,Ti***@gmail.com,99******92
257,Courtney Terrell,Co***@gmail.com,81******54
238,Zachary Hooper,Za***@gmail.com,79******12
515,Amy Lee,Am***@yahoo.com,66******56
498,Russell Crawford,Ru***@gmail.com,98******75
712,Laura Rogers,La***@outlook.com,65******95
337,Cameron Myers,Ca***@gmail.com,89******77
781,Connor Farrell,Co***@gmail.com,93******07
964,Amy Brown,Am***@yahoo.com,69******26
86,Rachel Gonzales,Ra***@yahoo.com,64******51
57,Charles Henderson,Ch***@outlook.com,93******72
302,James Robles,Ja***@gmail.com,61******08
589,Ashley Harper,As***@outlook.com,62******05
24,Donald Blevins,Do***@gmail.com,81******56
785,Michael Russell,Mi***@outlook.com,76******07
98,Cindy Mueller,Ci***@outlook.com,72******89
479,Tracy Underwood,Tr***@outlook.com,96******08
815,Kimberly Taylor,Ki***@gmail.com,93******28
96,Traci Cole,Tr***@outlook.com,62******03
342,Jessica Fowler,Je***@gmail.com,99******18
829,Jeffery Perez,Je***@yahoo.com,93******48
681,Heather Williams,He***@outlook.com,75******67
884,Isaac Byrd,Is***@gmail.com,63******08
388,Daniel Wilson,Da***@gmail.com,80******53
568,Joshua Collins,Jo***@gmail.com,81******49
897,Johnathan Fox,Jo***@gmail.com,67******77
497,Walter Peterson,Wa***@yahoo.com,73******60
686,Brandon Jenkins,Br***@yahoo.com,68******57
106,James Pham,Ja***@gmail.com,89******47
201,Lisa Tran,Li***@yahoo.com,87******74
130,Bailey Smith,Ba***@outlook.com,95******53
779,Daniel Nielsen,Da***@gmail.com,62******07
376,Traci Floyd,Tr***@outlook.com,78******16
278,Daniel Stevens,Da***@yahoo.com,65******34
855,Linda Shelton,Li***@outlook.com,90******53
42,Michael Swanson,Mi***@outlook.com,89******66
308,Lori Bowen,Lo***@gmail.com,64******14
668,Gregory Campbell,Gr***@outlook.com,95******69
49,Dominique Jones,Do***@gmail.com,74******05
370,Jessica Moreno,Je***@gmail.com,89******38
784,Deborah Richardson,De***@yahoo.com,97******83
594,Matthew Miranda,Ma***@gmail.com,74******83
371,Janice Morris,Ja***@gmail.com,98******60
605,Michelle Cooper,Mi***@gmail.com,90******87
708,David Gibson,Da***@gmail.com,85******16
105,Melanie Valencia,Me***@yahoo.com,77******73
531,Frances Hines,Fr***@gmail.com,71******78
866,Jasmine Guerrero,Ja***@gmail.com,85******66
679,Wayne Kelly,Wa***@gmail.com,73******86
333,Gloria Hill,Gl***@gmail.com,97******52
648,Samantha Barrett,Sa***@outlook.com,92******96
711,Jennifer Carlson,Je***@gmail.com,96******68
562,Breanna Fletcher,Br***@outlook.com,75******07
675,Marissa Wilson,Ma***@outlook.com,76******56
839,Erik Watson,Er***@outlook.com,78******46
536,Nicole Steele,Ni***@gmail.com,76******54
352,Daniel Gonzales,Da***@gmail.com,75******41
241,James Gonzales,Ja***@gmail.com,60******28
997,Destiny Fields,De***@yahoo.com,98******16
474,Jennifer Garner,Je***@gmail.com,62******72
783,Breanna Gill,Br***@outlook.com,79******64
325,Theresa Villarreal,Th***@yahoo.com,70******24
169,Angela Dixon,An***@gmail.com,97******04
888,Jade Garza,Ja***@outlook.com,67******23
253,Emily Rodriguez,Em***@gmail.com,95******45
627,Nicole Allen,Ni***@gmail.com,64******56
309,Gary Allen,Ga***@gmail.com,85******77
935,Samantha Brewer,Sa***@outlook.com,92******24
651,Ashley Odonnell,As***@gmail.com,97******38
127,Carlos Hickman,Ca***@gmail.com,60******86
720,Ariel Salinas,Ar***@outlook.com,67******07
510,Gregory Montgomery,Gr***@gmail.com,82******34
301,Alexandra Nguyen,Al***@gmail.com,68******66
703,David Austin,Da***@yahoo.com,68******95
212,Russell Day,Ru***@yahoo.com,78******03
69,Pamela Williamson,Pa***@outlook.com,70******33
394,Jeffrey Johnson,Je***@yahoo.com,68******41
943,Sharon Smith,Sh***@gmail.com,76******61
184,Katherine Jones,Ka***@yahoo.com,89******38
832,Carolyn Miller,Ca***@outlook.com,70******84
862,Lisa Stewart,Li***@gmail.com,74******95
643,Stacy Hughes,St***@gmail.com,91******24
332,James Morris,Ja***@yahoo.com,79******96
470,Jasmine Harris,Ja***@gmail.com,76******55
972,Allen Wright,Al***@gmail.com,92******92
914,Nicholas Mays,Ni***@yahoo.com,65******16
982,James Munoz,Ja***@outlook.com,68******23
423,Mary Cooke,Ma***@gmail.com,75******55
190,Heather Martinez,He***@gmail.com,93******76
88,Alex Mccullough,Al***@gmail.com,95******31
934,Brandi Phillips,Br***@gmail.com,96******09
635,Kelly Anderson,Ke***@outlook.com,71******94
328,Anna Chase,An***@outlook.com,62******97
825,Jose Rodriguez,Jo***@outlook.com,92******68
856,Suzanne Carroll,Su***@outlook.com,89******08
34,Rachel Ball,Ra***@outlook.com,63******91
803,Michelle Lewis,Mi***@outlook.com,85******86
611,Robert Lucas,Ro***@gmail.com,69******73
508,Jesus Decker,Je***@gmail.com,69******92
141,Brooke Nunez,Br***@gmail.com,80******05
559,Todd Stevens,To***@outlook.com,74******69
616,Misty Gregory,Mi***@gmail.com,72******56
193,Mary White,Ma***@yahoo.com,83******94
239,Tyler Greene,Ty***@gmail.com,81******07
236,Frank Gray,Fr***@gmail.com,98******32
61,John Cruz,Jo***@yahoo.com,61******22
442,Gregory Vazquez,Gr***@gmail.com,73******02
312,James Morales,Ja***@yahoo.com,81******00
534,Deborah Lopez,De***@yahoo.com,91******18
324,Diana King,Di***@gmail.com,90******16
277,Robert Baker,Ro***@gmail.com,91******51
608,Amanda Wade,Am***@gmail.com,69******38
657,Carly Lucas,Ca***@yahoo.com,74******85
761,Larry Yates,La***@gmail.com,63******57
310,Lee Brown,Le***@yahoo.com,95******16
453,Sarah Brown,Sa***@gmail.com,99******41
932,Jessica Harrell,Je***@outlook.com,69******25
161,Christopher Davis,Ch***@gmail.com,82******33
730,Adam Maldonado,Ad***@gmail.com,97******45
444,Diamond King,Di***@gmail.com,62******87
802,John Mills,Jo***@outlook.com,92******15
30,Todd Harding,To***@yahoo.com,78******21
919,Stephanie White,St***@gmail.com,75******17
958,Joshua West,Jo***@yahoo.com,96******65
885,Alexander Jacobs,Al***@yahoo.com,63******72
824,Michael Vaughn,Mi***@outlook.com,80******45
428,Michelle Rogers,Mi***@gmail.com,92******99
160,Eric Richardson,Er***@gmail.com,97******26
811,Mike Matthews,Mi***@gmail.com,98******02
424,Tiffany Williams,Ti***@gmail.com,88******93
727,Rodney Simmons,Ro***@outlook.com,77******82
624,Hannah Munoz,Ha***@yahoo.com,76******38
476,Jill Bryant,Ji***@gmail.com,68******21
621,David Kline,Da***@outlook.com,84******81
707,Andrea Silva,An***@gmail.com,62******15
613,Vanessa Vasquez,Va***@yahoo.com,96******80
601,Mark Herrera,Ma***@gmail.com,83******78
664,Catherine Anderson,Ca***@gmail.com,92******01
373,William Goodman,Wi***@outlook.com,86******53
722,Alejandro Wagner,Al***@outlook.com,78******95
60,Kathleen Moreno,Ka***@gmail.com,95******55
875,Jennifer Smith,Je***@gmail.com,64******29
870,Thomas Morris,Th***@yahoo.com,81******19
609,David Adams,Da***@outlook.com,90******22
678,David Barnett,Da***@yahoo.com,61******72
51,Cory Ellis,Co***@gmail.com,79******22
374,Brian King,Br***@gmail.com,70******89
23,Rebecca Smith,Re***@gmail.com,97******40
358,Jasmin Anderson,Ja***@gmail.com,78******92
299,Megan Harris,Me***@gmail.com,67******34
223,Jocelyn Peterson,Jo***@outlook.com,82******40
595,Jennifer Johnson,Je***@yahoo.com,70******12
148,Christopher Shepherd,Ch***@gmail.com,98******50
623,Amanda George,Am***@gmail.com,79******00
421,Rebecca Holland,Re***@gmail.com,61******60
928,Katherine Oneal,Ka***@gmail.com,87******22
715,Rachel Hogan,Ra***@yahoo.com,81******77
321,Chris Garcia,Ch***@outlook.com,98******95
912,Brian Randall,Br***@yahoo.com,76******66
689,Kevin Davis,Ke***@gmail.com,61******78
355,Robert Nelson,Ro***@outlook.com,93******62
684,Melissa Cervantes,Me***@outlook.com,86******39
726,Joshua Walker,Jo***@outlook.com,92******09
426,Amber Hess,Am***@gmail.com,82******74
397,Shelley Garza,Sh***@gmail.com,91******70
632,Paula Reed,Pa***@gmail.com,81******64
292,Brenda Reilly,Br***@yahoo.com,62******49
607,Robert Rodriguez,Ro***@gmail.com,80******05
857,Daniel Gutierrez,Da***@outlook.com,73******46
760,Teresa Ochoa,Te***@yahoo.com,89******62
331,Jordan May,Jo***@gmail.com,96******00
179,Joshua Spencer,Jo***@yahoo.com,74******90
734,Melissa Smith,Me***@outlook.com,67******03
587,Lucas Acosta,Lu***@yahoo.com,80******93
695,Jillian Rodgers,Ji***@gmail.com,84******11
882,Megan Kelley,Me***@yahoo.com,92******48
669,Joseph Moses,Jo***@outlook.com,95******25
995,Anthony Holloway,An***@yahoo.com,71******77
602,Jeanne Stewart,Je***@gmail.com,99******45
486,Juan Rios,Ju***@yahoo.com,63******98
491,John Olson,Jo***@yahoo.com,82******25
766,Stacey Jones,St***@outlook.com,80******77
85,Suzanne Estes,Su***@gmail.com,80******53
218,Brian Hoffman,Br***@outlook.com,88******68
78,Manuel Cortez,Ma***@gmail.com,88******81
983,Mike Peck,Mi***@yahoo.com,91******07
555,Christopher Cruz,Ch***@gmail.com,97******69
859,Tiffany Chapman,Ti***@gmail.com,98******84
25,Kenneth Johnson,Ke***@gmail.com,68******03
906,Ronald House,Ro***@gmail.com,65******68
818,Patty Carlson,Pa***@yahoo.com,90******42
47,Jason Jones,Ja***@outlook.com,89******45
612,Jay Hunter,Ja***@gmail.com,99******98
365,Lynn Chavez,Ly***@gmail.com,99******71
828,Anthony Garner,An***@gmail.com,73******49
490,Ian Cummings,Ia***@outlook.com,91******75
80,Cynthia Petersen,Cy***@gmail.com,79******15
792,Jeff Norris,Je***@gmail.com,80******66
593,William Taylor,Wi***@yahoo.com,69******84
751,Christina Brown,Ch***@yahoo.com,95******83
740,Shirley Garcia,Sh***@gmail.com,99******48
1112,Jasmine Carlson,Ja***@gmail.com,82******57
1125,Jeanne Suarez,Je***@yahoo.com,64******12
1379,Anthony Howard,An***@gmail.com,81******33
1570,John Wilkins,Jo***@outlook.com,64******29
1433,Joseph Knapp,Jo***@gmail.com,92******37
1307,George Hall,Ge***@outlook.com,63******07
1911,Marc Morales,Ma***@outlook.com,99******59
1435,Jeffrey Wood,Je***@gmail.com,72******89
1366,Kimberly Stevenson,Ki***@yahoo.com,87******53
1428,James Mccoy,Ja***@gmail.com,66******77
1778,Joseph Tucker,Jo***@gmail.com,79******67
1572,Linda Cummings,Li***@yahoo.com,73******94
1764,Lisa Matthews,Li***@outlook.com,74******11
1320,Ryan Jacobs,Ry***@yahoo.com,79******00
1153,Thomas Sanchez,Th***@gmail.com,84******82
1213,David Davis,Da***@gmail.com,75******49
1086,Samuel George,Sa***@yahoo.com,82******95
1857,Kyle Kennedy,Ky***@gmail.com,67******00
1811,Rita Hamilton,Ri***@outlook.com,68******74
1351,Scott Martinez,Sc***@gmail.com,82******29
1407,Laura Adams,La***@gmail.com,60******68
1534,Matthew Harrington,Ma***@yahoo.com,76******86
1365,Patrick Preston,Pa***@gmail.com,60******01
1262,Jessica Hawkins,Je***@gmail.com,73******77
1825,Mary Malone,Ma***@outlook.com,70******80
1548,Christina Porter,Ch***@yahoo.com,77******59
1321,Daniel Taylor,Da***@gmail.com,69******62
1752,Ryan Heath,Ry***@yahoo.com,94******40
1770,Daniel Lester,Da***@gmail.com,72******11
1932,Eric Mitchell,Er***@gmail.com,73******00
1142,Joseph Chavez,Jo***@gmail.com,74******91
1171,William Orr,Wi***@gmail.com,93******79
1663,Michael Holder,Mi***@outlook.com,81******32
1182,Nancy Jones,Na***@outlook.com,99******38
1753,Laura Dougherty,La***@outlook.com,93******17
1034,Laura Landry,La***@yahoo.com,79******46
1169,Randy Stevens,Ra***@gmail.com,72******19
1504,Matthew Byrd,Ma***@outlook.com,75******18
1208,Andrew Collins,An***@gmail.com,63******60
1463,Matthew Mathis,Ma***@yahoo.com,96******17
1403,Timothy Wright,Ti***@gmail.com,93******31
1781,Michael Knox,Mi***@gmail.com,87******18
1245,Carlos Bennett,Ca***@gmail.com,72******37
1833,Angela Coleman,An***@gmail.com,70******98
1503,Patrick Lopez,Pa***@gmail.com,72******47
1746,Lawrence Coffey,La***@gmail.com,71******71
1408,Mark Dunn,Ma***@outlook.com,89******17
1368,Brandon Medina,Br***@yahoo.com,64******63
1799,Matthew Rodriguez,Ma***@gmail.com,64******99
1263,Morgan Daniel,Mo***@outlook.com,73******48
1802,Joshua Singh,Jo***@gmail.com,80******90
1731,Miranda Evans,Mi***@gmail.com,75******40
1817,Debra Jenkins,De***@outlook.com,63******18
1411,Luis Jackson,Lu***@gmail.com,66******17
1573,David Rasmussen,Da***@outlook.com,61******38
1664,Diane King,Di***@yahoo.com,97******28
1184,Oscar Tucker,Os***@gmail.com,83******09
1311,Elizabeth Peck,El***@yahoo.com,91******30
1285,Ryan Dawson,Ry***@gmail.com,81******46
1840,Kelly Chang,Ke***@yahoo.com,85******24
1287,Roy Mack,Ro***@gmail.com,72******81
1074,Justin Cooper,Ju***@gmail.com,90******53
1678,Joshua Faulkner,Jo***@gmail.com,89******35
1601,Jay English,Ja***@outlook.com,68******52
1059,Justin Taylor,Ju***@gmail.com,74******41
1185,Ian Park,Ia***@gmail.com,77******29
1088,Duane Smith,Du***@gmail.com,93******68
1453,Tanner Smith,Ta***@outlook.com,79******25
1829,Tamara Brown,Ta***@yahoo.com,97******07
1724,Kelly Adams,Ke***@gmail.com,77******65
1540,Derek Brooks,De***@gmail.com,86******81
1349,Jessica Hall,Je***@gmail.com,90******81
1281,Mark Harper,Ma***@gmail.com,84******15
1291,Kathryn Moore,Ka***@gmail.com,97******31
1217,Colin Yang,Co***@yahoo.com,70******64
1322,Heather Escobar,He***@gmail.com,84******20
1505,Edgar Jones,Ed***@outlook.com,70******23
1294,Peter Reed,Pe***@yahoo.com,70******25
1472,Chad Barnes,Ch***@outlook.com,74******07
1872,Jennifer Hogan,Je***@gmail.com,81******64
1721,Alison Robinson,Al***@gmail.com,91******44
1399,Kristen Buchanan,Kr***@yahoo.com,74******97
1893,Michael Gibbs,Mi***@outlook.com,65******15
1745,Monique Bird,Mo***@yahoo.com,76******67
1293,James Crawford,Ja***@yahoo.com,83******88
1687,Jason Perry,Ja***@gmail.com,82******57
1502,Jillian Soto,Ji***@gmail.com,85******29
1438,Paul Webster,Pa***@gmail.com,98******43
1549,Brent Delacruz,Br***@gmail.com,98******65
1060,John Barron,Jo***@outlook.com,85******62
1605,Brian Taylor,Br***@outlook.com,90******70
1511,Manuel Hernandez,Ma***@outlook.com,99******39
1037,Matthew Olson,Ma***@gmail.com,68******98
1903,Mary Richardson,Ma***@outlook.com,66******95
1080,Randy Hoffman,Ra***@gmail.com,89******74
1028,Katie Robbins,Ka***@yahoo.com,93******02
1055,Brandon Ritter,Br***@gmail.com,61******14
1130,Brian Diaz,Br***@outlook.com,82******76
1261,Paul Jones,Pa***@gmail.com,92******04
1981,Jennifer Foster,Je***@outlook.com,96******94
1618,Malik Torres,Ma***@gmail.com,69******12
1022,Vanessa Taylor,Va***@outlook.com,60******79
1023,Joseph Thomas,Jo***@gmail.com,97******25
1077,Mandy Hess,Ma***@yahoo.com,86******56
1803,Sandra Nunez,Sa***@gmail.com,93******44
1091,Elaine Austin,El***@gmail.com,67******11
1309,Jonathan Turner,Jo***@outlook.com,92******06
1154,Tammy Mitchell,Ta***@outlook.com,64******10
1670,Joan Miller,Jo***@gmail.com,79******78
1240,Mark Reyes,Ma***@yahoo.com,84******66
1988,Roger Mcmillan,Ro***@gmail.com,64******10
1089,Jessica Avila,Je***@outlook.com,61******57
1004,Sean Davis,Se***@gmail.com,65******89
1119,Valerie Hines,Va***@outlook.com,78******95
1335,James Lewis,Ja***@yahoo.com,70******40
1708,Lori Bell,Lo***@outlook.com,90******47
1137,Kelly Jackson,Ke***@outlook.com,97******18
1658,Brian Macdonald,Br***@outlook.com,84******60
1250,Brooke Santiago,Br***@gmail.com,67******76
1845,Brendan Ruiz,Br***@gmail.com,78******41
1922,Thomas Rivera,Th***@gmail.com,75******21
1639,John Marshall,Jo***@gmail.com,90******27
1800,Michael Cook,Mi***@gmail.com,90******33
1805,Joshua Thomas,Jo***@yahoo.com,99******48
1890,Kim Massey,Ki***@gmail.com,61******13
1146,Eric Patterson,Er***@outlook.com,80******80
1936,Lisa Wiggins,Li***@gmail.com,61******25
1316,Carmen Hernandez,Ca***@gmail.com,90******24
1607,Adrian Singleton,Ad***@yahoo.com,88******94
1729,Samuel Bishop,Sa***@outlook.com,89******60
1514,Stephanie Duncan,St***@gmail.com,91******60
1834,David Thomas,Da***@yahoo.com,66******27
1100,John Jones,Jo***@outlook.com,92******82
1900,Norman Joseph,No***@gmail.com,70******83
1741,Sandra Morales,Sa***@gmail.com,94******60
1946,Faith Bass,Fa***@gmail.com,71******78
1784,Jason Chavez,Ja***@outlook.com,79******42
1977,Donna Ayers,Do***@yahoo.com,63******87
1978,Carl Gardner,Ca***@outlook.com,85******66
1427,Sarah Williams,Sa***@gmail.com,82******38
1206,Sheila Young,Sh***@outlook.com,82******23
1874,Kim Woodward,Ki***@outlook.com,82******56
1873,Mitchell Johnson,Mi***@outlook.com,66******92
1132,Sara Perez,Sa***@outlook.com,68******23
1897,Spencer Carpenter,Sp***@yahoo.com,76******21
1276,Thomas Williamson,Th***@outlook.com,90******37
1854,Randy Hayes,Ra***@outlook.com,85******75
1506,Nicholas Ponce,Ni***@gmail.com,60******92
1205,Timothy Jimenez,Ti***@gmail.com,72******88
1283,Dwayne Newman,Dw***@outlook.com,83******73
1014,Nicholas Stephens,Ni***@gmail.com,75******71
1445,Samantha Clark,Sa***@gmail.com,78******17
1430,Jennifer Gregory,Je***@yahoo.com,98******72
1011,Gina Price,Gi***@yahoo.com,73******62
1480,Kelly Davis,Ke***@gmail.com,81******24
1798,James Rodriguez,Ja***@yahoo.com,78******91
1489,Kevin Hall,Ke***@yahoo.com,68******13
1667,Maria Tate,Ma***@yahoo.com,84******81
1457,Carla Smith,Ca***@yahoo.com,93******95
1114,Anthony Wright,An***@outlook.com,98******13
1496,Amanda Davis,Am***@outlook.com,94******40
1468,Gina Hendricks,Gi***@yahoo.com,70******48
1353,Tonya Johnson,To***@gmail.com,99******16
1580,Thomas Griffin,Th***@yahoo.com,90******90
1703,Elizabeth Richards,El***@gmail.com,71******57
1861,Tyler Chandler,Ty***@outlook.com,83******68
1253,Dawn Ward,Da***@gmail.com,62******67
1101,Timothy Smith,Ti***@gmail.com,66******04
1880,Jeremy Mendez,Je***@gmail.com,90******45
1611,Matthew Deleon,Ma***@outlook.com,95******81
1207,Sydney Sanchez,Sy***@yahoo.com,75******42
1933,Michael Hernandez,Mi***@gmail.com,95******89
1312,Brian White,Br***@yahoo.com,81******73
1271,Anita Choi,An***@yahoo.com,64******65
1648,David Martin,Da***@outlook.com,80******20
1551,Pamela Rodriguez,Pa***@yahoo.com,84******11
1370,Kyle Washington,Ky***@yahoo.com,88******49
1995,James Hernandez,Ja***@outlook.com,73******62
1532,Heather Garcia,He***@outlook.com,99******06
1993,Samantha Lambert,Sa***@yahoo.com,68******94
1686,Jennifer Perry,Je***@yahoo.com,93******51
1461,Michael Cook,Mi***@gmail.com,90******03
1915,Benjamin Perez,Be***@outlook.com,97******35
1507,David Pierce,Da***@outlook.com,91******55
1856,Katelyn Wallace,Ka***@yahoo.com,85******43
1696,Derek Anderson,De***@yahoo.com,78******49
1044,Joseph Stephens,Jo***@yahoo.com,69******83
1677,Emily Clark,Em***@gmail.com,88******51
1530,Edward Murphy,Ed***@gmail.com,82******65
1722,Shari House,Sh***@gmail.com,64******43
1616,Mark Taylor,Ma***@outlook.com,86******71
1449,Alan Keith,Al***@gmail.com,91******05
1629,Jonathon Wallace,Jo***@yahoo.com,71******72
1636,Natalie Robinson,Na***@outlook.com,82******80
1640,Daniel Morris,Da***@outlook.com,87******03
1895,Teresa Anthony,Te***@yahoo.com,83******25
1064,Marco Green,Ma***@gmail.com,89******13
1386,Emily Vasquez,Em***@yahoo.com,66******71
1740,Aaron Mitchell,Aa***@gmail.com,99******22
1914,Miranda Sanchez,Mi***@gmail.com,78******77
1569,Rebecca Jensen,Re***@gmail.com,75******70
1326,Anthony Sloan,An***@yahoo.com,87******92
1620,Craig Jacobs,Cr***@gmail.com,62******01
1582,Kevin Bryan,Ke***@gmail.com,83******57
1846,Ronald West,Ro***@gmail.com,71******38
1773,Timothy Contreras,Ti***@yahoo.com,61******95
1691,Anthony Guzman,An***@gmail.com,75******19
1818,Brooke Miles,Br***@gmail.com,64******46
1779,Vanessa Maxwell,Va***@gmail.com,75******67
1508,John Carrillo,Jo***@outlook.com,86******67
1653,Nicole Johnson,Ni***@outlook.com,98******83
1406,Preston Baldwin,Pr***@gmail.com,94******49
1375,Kevin Rodriguez,Ke***@gmail.com,79******37
1363,Seth Everett,Se***@gmail.com,83******39
1641,Nicholas Hill,Ni***@yahoo.com,83******25
1996,Jeremy Conley,Je***@gmail.com,82******87
1455,Jason Taylor,Ja***@outlook.com,84******42
1054,Ruth Gonzales,Ru***@yahoo.com,79******76
1827,Monique Lee,Mo***@gmail.com,97******44
1325,Jennifer Morgan,Je***@outlook.com,74******76
1270,Sara Randolph,Sa***@gmail.com,90******48
1380,Victoria Patterson,Vi***@outlook.com,76******33
1780,Christian Hammond,Ch***@outlook.com,97******88
1222,Vincent Shannon,Vi***@gmail.com,81******94
1517,Kyle Patel,Ky***@outlook.com,89******98
1402,Alyssa Hopkins,Al***@gmail.com,73******15
1107,Matthew Gonzalez,Ma***@yahoo.com,73******94
1128,Autumn Morgan,Au***@gmail.com,80******06
1058,Edward Campbell,Ed***@outlook.com,66******86
1812,Duane Lawrence,Du***@gmail.com,98******88
1087,Cathy Callahan,Ca***@gmail.com,60******76
1354,Jordan Donaldson,Jo***@gmail.com,70******32
1157,Regina Bradford,Re***@gmail.com,85******50
1068,Andrew Cole,An***@outlook.com,67******93
1390,Monica Shaffer,Mo***@gmail.com,65******54
1367,Christine Richardson,Ch***@gmail.com,76******45
1839,Ryan Wilkinson,Ry***@gmail.com,75******45
1554,Darrell Watson,Da***@gmail.com,94******32
1155,James Jones,Ja***@yahoo.com,63******86
1949,Michael Williams,Mi***@yahoo.com,79******53
1246,James Webb,Ja***@gmail.com,70******60
1579,Jennifer Randall,Je***@outlook.com,89******52
1484,Cindy Long,Ci***@gmail.com,60******65
1815,Victoria Ellis,Vi***@yahoo.com,75******21
1720,Melissa Archer,Me***@gmail.com,72******05
1141,Roberta Boyd,Ro***@yahoo.com,71******28
1376,Mark Clark,Ma***@yahoo.com,92******59
1790,Max Guzman,Ma***@yahoo.com,60******12
1049,Alicia Blair,Al***@outlook.com,94******00
1477,Leah Mitchell,Le***@gmail.com,65******41
1093,Anthony Wood,An***@gmail.com,64******84
1560,Julie Williams,Ju***@gmail.com,75******36
1183,Aaron Ramirez,Aa***@gmail.com,92******90
1333,Douglas Thompson,Do***@outlook.com,65******46
1816,Allison Young,Al***@gmail.com,68******13
1454,Shelly Smith,Sh***@gmail.com,77******47
1129,Richard Kelly,Ri***@gmail.com,69******53
1344,Caitlin Hutchinson,Ca***@gmail.com,97******76
1765,Holly Bennett,Ho***@gmail.com,92******21
1850,Jasmine Rose,Ja***@gmail.com,95******70
1381,Cassandra Green,Ca***@gmail.com,80******51
1304,Charlotte Odom,Ch***@outlook.com,81******94
1421,Terry Parker,Te***@outlook.com,60******41
1436,Charles Osborne,Ch***@yahoo.com,86******02
1538,Benjamin Ramirez,Be***@yahoo.com,64******29
1974,James Davis,Ja***@outlook.com,70******61
1711,Neil Farley,Ne***@yahoo.com,71******83
1275,Mary Lawrence,Ma***@yahoo.com,85******23
1078,Jeremy Miller,Je***@gmail.com,88******89
1718,Juan Hoover,Ju***@gmail.com,72******67
1235,Sarah Mahoney,Sa***@gmail.com,73******85
1680,Peter Perez,Pe***@yahoo.com,79******23
1964,Teresa Jordan,Te***@gmail.com,68******32
1056,Dana Perry,Da***@gmail.com,98******62
1422,Holly Rivera,Ho***@outlook.com,70******59
1179,Alexandra May,Al***@yahoo.com,77******05
1700,Jennifer Olson,Je***@gmail.com,72******81
1036,Eric Johnson,Er***@yahoo.com,68******17
1577,Diana Brewer,Di***@gmail.com,68******19
1035,Erin Johnson,Er***@yahoo.com,82******32
1567,Nicholas Johnston,Ni***@gmail.com,77******99
1001,Debbie Johnson,De***@gmail.com,81******28
1775,Christopher Garcia,Ch***@outlook.com,64******73
1126,Caitlin Ortiz,Ca***@gmail.com,68******32
1606,David Burgess,Da***@yahoo.com,95******11
1070,Mark Holt,Ma***@gmail.com,60******62
1832,Crystal Mays,Cr***@gmail.com,69******99
1090,Richard Walker,Ri***@outlook.com,77******58
1265,Jane Hines,Ja***@outlook.com,82******07
1591,Autumn Sanders,Au***@gmail.com,64******14
1666,Regina Johnson,Re***@yahoo.com,64******17
1306,Curtis Knight,Cu***@gmail.com,63******89
1762,Jeffrey Smith,Je***@outlook.com,96******48
1665,Michael Weaver,Mi***@gmail.com,78******12
1424,Karen White,Ka***@gmail.com,97******60
1881,David Stevens,Da***@yahoo.com,81******76
1324,Carol Cordova,Ca***@outlook.com,76******10
1127,Wayne Singleton,Wa***@gmail.com,67******02
1707,Brittany Garcia,Br***@yahoo.com,67******06
1672,Tiffany Perry,Ti***@gmail.com,61******93
1690,Anthony Evans,An***@gmail.com,81******45
1533,Stephanie Todd,St***@gmail.com,61******86
1269,Nicholas Fuller,Ni***@yahoo.com,94******00
1355,Daniel Ward,Da***@gmail.com,82******38
1350,Christine Nelson,Ch***@gmail.com,98******67
1160,Patrick Gross,Pa***@gmail.com,96******49
1492,Benjamin Thomas,Be***@outlook.com,77******09
1228,William Case,Wi***@gmail.com,83******00
1808,Michael Johns,Mi***@outlook.com,83******50
1697,Wanda Boyd,Wa***@gmail.com,66******02
1156,Danielle Fisher,Da***@yahoo.com,79******86
1377,Steven Keith,St***@gmail.com,74******01
1626,Luke Martin,Lu***@outlook.com,92******87
1942,Susan Dean,Su***@gmail.com,94******64
1479,Jacob Gomez,Ja***@gmail.com,81******20
1783,Cynthia Galvan,Cy***@gmail.com,83******69
1384,Hayley Anthony,Ha***@yahoo.com,65******07
1907,Teresa Schwartz,Te***@outlook.com,99******41
1860,Rhonda Henderson,Rh***@gmail.com,76******09
1138,Darren Hall,Da***@outlook.com,78******94
1709,Savannah Lee,Sa***@outlook.com,66******08
1583,Dorothy Alexander,Do***@yahoo.com,65******88
1939,Steven Reynolds,St***@yahoo.com,76******73
1656,Brandon Powell,Br***@gmail.com,93******06
1486,Nancy Hart,Na***@outlook.com,65******90
1769,Jennifer Fisher,Je***@yahoo.com,80******66
1398,Nancy Howell,Na***@gmail.com,89******13
1635,Joseph Lee,Jo***@gmail.com,75******95
1571,Carly Fox,Ca***@gmail.com,75******27
1819,Karen Martin,Ka***@yahoo.com,65******41
1345,Alexander Clark,Al***@yahoo.com,89******17
1592,Stephanie Buchanan,St***@outlook.com,95******68
1163,Adriana Saunders,Ad***@outlook.com,80******02
1836,Valerie Hayes,Va***@gmail.com,96******69
1921,Randy Thomas,Ra***@gmail.com,65******74
1485,Thomas Jackson,Th***@yahoo.com,90******88
1759,Tamara Carter,Ta***@outlook.com,65******55
1467,Darryl Coleman,Da***@gmail.com,80******30
1274,Mark Castro,Ma***@outlook.com,94******62
1006,Martin Williams,Ma***@outlook.com,75******10
1072,Morgan Moore,Mo***@gmail.com,82******92
1470,Suzanne Miranda,Su***@outlook.com,68******57
1417,Michael Wade,Mi***@outlook.com,97******22
1877,Elizabeth Barron,El***@gmail.com,64******82
1118,Darrell Thomas,Da***@gmail.com,84******66
1150,Gary Williams,Ga***@outlook.com,65******28
1865,Alicia Jackson,Al***@outlook.com,88******40
1317,Kathleen Ferrell,Ka***@gmail.com,84******36
1859,Joseph Herrera,Jo***@gmail.com,63******28
1853,Tiffany Watts,Ti***@outlook.com,73******54
1466,Joyce Sims,Jo***@gmail.com,97******44
1043,Kelly Johnson,Ke***@outlook.com,69******90
1603,Holly Wilson,Ho***@gmail.com,83******48
1885,Emma Wolf,Em***@yahoo.com,77******63
1098,Betty Mcclain,Be***@gmail.com,85******21
1761,Gina Nichols,Gi***@outlook.com,94******38
1117,Jeremy Nichols,Je***@yahoo.com,93******50
1515,Judy Bishop,Ju***@outlook.com,94******66
1267,Thomas Crawford,Th***@gmail.com,83******50
1785,Mikayla Joyce,Mi***@gmail.com,60******38
1447,Michele Wright,Mi***@gmail.com,77******79
1685,Sonya Robertson,So***@gmail.com,75******15
1555,Daniel Burke,Da***@gmail.com,74******77
1499,Paula Mcbride,Pa***@gmail.com,83******05
1575,Virginia Pacheco,Vi***@gmail.com,93******56
1584,Megan Cruz,Me***@yahoo.com,69******64
1233,Heather Reilly,He***@gmail.com,95******68
1373,Sarah Rodriguez,Sa***@yahoo.com,88******01
1961,Teresa Dalton,Te***@outlook.com,89******50
1965,Ana Ross,An***@gmail.com,68******96
1198,Christopher Villa,Ch***@yahoo.com,79******74
1109,Michael Wilkins,Mi***@yahoo.com,79******88
1378,Joyce Simmons,Jo***@yahoo.com,78******49
1901,Michael Harrison,Mi***@yahoo.com,88******36
1776,Jason Johns,Ja***@gmail.com,91******61
1673,Carol Figueroa,Ca***@yahoo.com,69******66
1286,Michele Lewis,Mi***@outlook.com,78******25
1465,Sharon Hernandez,Sh***@gmail.com,96******90
1147,Kimberly Martin,Ki***@gmail.com,68******66
1806,Michele Lewis,Mi***@yahoo.com,78******42
1852,Henry Wyatt,He***@gmail.com,66******90
1442,Donna Jackson,Do***@gmail.com,86******85
1661,Amanda Huff,Am***@gmail.com,74******38
1494,Pamela Wong,Pa***@outlook.com,80******60
1443,Hailey Watson,Ha***@outlook.com,85******65
1441,Alison Tucker,Al***@gmail.com,63******94
1748,Misty Hensley,Mi***@gmail.com,80******98
1791,Brenda Owens,Br***@gmail.com,73******30
1875,Jason Prince,Ja***@yahoo.com,62******06
1976,Hannah Snow,Ha***@gmail.com,80******89
1772,Alexandra Lane,Al***@gmail.com,64******27
1369,Ashley Myers,As***@gmail.com,70******31
1084,Nicole Moss,Ni***@gmail.com,92******93
1858,Christopher Hansen,Ch***@yahoo.com,95******04
1392,William Montgomery,Wi***@yahoo.com,87******50
1340,Abigail Schmidt,Ab***@gmail.com,82******92
1075,Peter Long,Pe***@outlook.com,77******41
1930,Angie Landry,An***@outlook.com,63******70
1413,Emily Hinton,Em***@yahoo.com,80******89
1894,Marcus Bentley,Ma***@yahoo.com,61******62
1158,Bryan Cunningham,Br***@yahoo.com,87******78
1296,Calvin Powell,Ca***@outlook.com,87******92
1033,Craig Osborn,Cr***@outlook.com,64******63
1120,Jennifer Young,Je***@gmail.com,63******39
1092,Darrell Hines,Da***@outlook.com,64******14
1693,Deanna Mcguire,De***@gmail.com,88******71
1026,Johnny Casey,Jo***@outlook.com,88******46
1083,Tina Hawkins,Ti***@yahoo.com,80******36
1593,Michael Lucas,Mi***@yahoo.com,66******28
1809,David Nelson,Da***@gmail.com,71******53
1475,Jeremiah Jensen,Je***@gmail.com,87******61
1997,Michelle Meyer,Mi***@gmail.com,78******15
1983,Tara David,Ta***@outlook.com,91******48
1644,Kathy Davis,Ka***@gmail.com,79******35
1019,Judy Graham,Ju***@outlook.com,88******95
1994,Laurie Barnes,La***@yahoo.com,77******67
1139,Eric Hunter,Er***@outlook.com,79******92
1220,Andrew Pena,An***@gmail.com,72******15
1495,Ashley Mitchell,As***@gmail.com,79******34
1675,Karen Cain,Ka***@gmail.com,89******31
1352,Susan Johnson,Su***@outlook.com,77******56
1968,Bill Wong,Bi***@gmail.com,89******95
1821,Frank Bean,Fr***@outlook.com,65******96
1216,Patricia Larson,Pa***@gmail.com,69******90
1279,Martin Bass,Ma***@gmail.com,88******62
1042,Richard Nguyen,Ri***@gmail.com,94******91
1926,David Johnson,Da***@gmail.com,64******88
1982,Isaiah Hartman,Is***@gmail.com,68******84
1383,John Lutz,Jo***@outlook.com,76******68
1760,Brittney Johnson,Br***@gmail.com,77******79
1953,Andrea Smith,An***@gmail.com,85******74
1662,Matthew Brown,Ma***@gmail.com,76******09
1012,Cynthia Hudson,Cy***@yahoo.com,95******38
1048,Darlene Eaton,Da***@yahoo.com,67******39
1063,Renee Liu,Re***@outlook.com,91******61
1683,Rachel King,Ra***@gmail.com,63******20
1007,Bryan Lindsey,Br***@gmail.com,92******89
1870,Thomas Lambert,Th***@gmail.com,88******16
1651,Keith Baker,Ke***@yahoo.com,80******65
1990,Regina Coleman,Re***@gmail.com,81******04
1135,Brian Foster,Br***@gmail.com,91******85
1824,Blake Brown,Bl***@yahoo.com,67******66
1451,Michael Long,Mi***@yahoo.com,64******51
1161,Lucas Brown,Lu***@outlook.com,78******84
1252,Brad Galloway,Br***@gmail.com,77******45
1643,Evelyn Cordova,Ev***@gmail.com,65******10
1434,Ryan Vaughn,Ry***@gmail.com,72******50
1021,Isaiah Campbell,Is***@yahoo.com,87******09
1201,Kimberly Lawrence,Ki***@gmail.com,71******07
1826,Benjamin Chan,Be***@yahoo.com,68******64
1385,Christina Bates,Ch***@gmail.com,92******78
1864,Dennis Beard,De***@gmail.com,98******10
1905,Christopher Love,Ch***@gmail.com,85******88
1432,Mercedes Oneal,Me***@yahoo.com,83******26
1594,Mike Chase,Mi***@gmail.com,82******67
1268,Jill Curtis,Ji***@gmail.com,71******83
1676,Jack Mata,Ja***@gmail.com,92******65
1719,Laurie Hill,La***@gmail.com,94******60
1587,Dylan Colon,Dy***@gmail.com,73******82
1081,Robert Lucas,Ro***@outlook.com,67******15
1794,Diana Anderson,Di***@outlook.com,70******94
1950,Steven Patel,St***@gmail.com,91******95
1920,Caitlin Stokes,Ca***@gmail.com,61******28
1553,Brandon Terry,Br***@gmail.com,64******44
1849,Laura Cox,La***@gmail.com,78******25
1624,Krista Miller,Kr***@outlook.com,66******50
1891,Rachael Harper,Ra***@gmail.com,76******29
1103,Steven Martinez,St***@gmail.com,63******77
1423,Aaron Morgan,Aa***@yahoo.com,94******95
1045,Natalie Gibson,Na***@outlook.com,80******04
1289,Robert Mccoy,Ro***@outlook.com,72******27
1419,Jessica Mays,Je***@gmail.com,67******45
1393,Alejandro Bonilla,Al***@outlook.com,78******53
1110,Thomas Travis,Th***@gmail.com,68******50
1446,Patrick Conner,Pa***@gmail.com,64******78
1347,George Hill,Ge***@gmail.com,96******92
1863,Savannah Richards,Sa***@yahoo.com,80******80
1612,Miguel Hernandez,Mi***@outlook.com,73******51
1099,Mike Sanders,Mi***@gmail.com,86******33
1290,Devin Adams,De***@gmail.com,86******22
1610,Amy Scott,Am***@yahoo.com,77******51
1382,Natalie Daniels,Na***@yahoo.com,65******06
1896,Chelsea Roberts,Ch***@gmail.com,73******07
1596,Amy Lopez,Am***@outlook.com,70******00
1104,Jennifer Guerrero,Je***@gmail.com,66******74
1176,Mallory Hernandez,Ma***@gmail.com,73******19
1541,Emily Brown,Em***@outlook.com,62******54
1512,David Kent,Da***@gmail.com,69******74
1223,Alexander Paul,Al***@gmail.com,63******89
1902,Sandra Buck,Sa***@yahoo.com,84******65
1469,Dennis Perry,De***@outlook.com,74******51
1374,Anthony Kelley,An***@gmail.com,99******08
1298,Jeremy Barton,Je***@outlook.com,68******67
1613,Deborah Cortez,De***@gmail.com,93******18
1336,Kelsey Ochoa,Ke***@gmail.com,85******73
1167,Gabriel Sanchez,Ga***@gmail.com,95******68
1576,Christopher Shepherd,Ch***@yahoo.com,80******15
1234,Robin Dean,Ro***@gmail.com,71******81
1414,Kathleen Dickson,Ka***@gmail.com,89******15
1967,Elizabeth Good,El***@gmail.com,75******06
1131,Susan Ramirez,Su***@gmail.com,85******76
1536,Michael Chavez,Mi***@yahoo.com,98******85
1631,Vincent Riley,Vi***@gmail.com,76******30
1955,Kimberly Smith,Ki***@gmail.com,86******11
1391,James Williams,Ja***@outlook.com,98******81
1876,Bonnie Cole,Bo***@gmail.com,88******23
1559,Jason Johnson,Ja***@yahoo.com,97******10
1985,Allison Garner,Al***@gmail.com,74******83
1257,Angela Hodges,An***@gmail.com,87******24
1628,Michael Garcia,Mi***@gmail.com,69******17
1887,Jessica Harris,Je***@outlook.com,86******86
1065,Daniel Hughes,Da***@outlook.com,60******72
1945,Amanda Brown,Am***@gmail.com,99******17
1410,Emily Johnson,Em***@outlook.com,84******44
1971,Ashley Daniels,As***@gmail.com,79******36
1229,Alexis Miranda,Al***@gmail.com,95******01
1527,James Ramirez,Ja***@outlook.com,73******74
1519,Rebecca Contreras,Re***@outlook.com,72******36
1948,Jerry Campbell,Je***@outlook.com,65******67
1518,Janet Norman,Ja***@outlook.com,66******39
1704,Christina Williams,Ch***@outlook.com,86******67
1702,Steven Atkinson,St***@gmail.com,81******36
1823,Karen Kelley,Ka***@gmail.com,76******64
1619,Jon Perry,Jo***@yahoo.com,76******02
1984,Adam Davis,Ad***@gmail.com,86******51
1757,James Williams,Ja***@yahoo.com,65******59
1046,Stephanie Bell,St***@yahoo.com,67******42
1947,Rebecca Wright,Re***@gmail.com,91******85
1337,Charles Anderson,Ch***@gmail.com,71******97
1975,Timothy Nichols,Ti***@gmail.com,78******86
1248,Emily Landry,Em***@gmail.com,79******88
1736,Michael Williams,Mi***@outlook.com,66******16
1706,Kathryn Stokes,Ka***@gmail.com,79******27
1459,Richard Jensen,Ri***@yahoo.com,72******99
1923,David Barnes,Da***@yahoo.com,60******87
1728,Jeff Walton,Je***@outlook.com,76******43
1175,Justin Friedman,Ju***@gmail.com,80******95
1429,Joshua Henry,Jo***@gmail.com,99******98
1738,Tiffany Monroe,Ti***@outlook.com,73******88
1151,Dennis Johnston,De***@yahoo.com,89******63
1989,Jeremy Kelley,Je***@gmail.com,94******37
1079,Jeffrey Jones,Je***@outlook.com,75******47
1566,Brittney Klein,Br***@gmail.com,84******54
1694,Kristen Simmons,Kr***@gmail.com,62******34
1197,Bradley Yates,Br***@gmail.com,70******48
1134,Jennifer Williams,Je***@yahoo.com,89******26
1258,Erica Smith,Er***@outlook.com,92******42
1866,Michelle Mitchell,Mi***@yahoo.com,72******84
1199,Richard Davis,Ri***@outlook.com,75******58
1254,Brandon Turner,Br***@gmail.com,75******96
1979,Raymond Mckinney,Ra***@yahoo.com,60******84
1330,Deanna Cannon,De***@outlook.com,85******46
1633,Kathryn Morgan,Ka***@gmail.com,89******07
1522,Colin Pope,Co***@gmail.com,92******02
1908,Nicole James,Ni***@gmail.com,62******72
1630,John Johnson,Jo***@outlook.com,86******01
1164,Brittany Davis,Br***@gmail.com,84******98
1437,Whitney Allen,Wh***@outlook.com,86******92
1491,Jeremy Garcia,Je***@gmail.com,76******84
1543,Victoria Moore,Vi***@gmail.com,91******29
1787,Shawn Holt,Sh***@gmail.com,77******81
1194,Stephanie Jackson,St***@outlook.com,67******41
1190,Tyler Campbell,Ty***@yahoo.com,83******38
1562,Jacob Moore,Ja***@gmail.com,81******63
1884,Sandra Moore,Sa***@yahoo.com,79******23
1727,Scott Valdez,Sc***@gmail.com,81******62
1124,Richard Hopkins,Ri***@outlook.com,94******95
1282,Nicole Bennett,Ni***@gmail.com,72******85
1599,Breanna Clements,Br***@gmail.com,96******33
1106,Evan Hall,Ev***@yahoo.com,87******44
1219,Sarah Walsh,Sa***@gmail.com,79******70
1136,Mary Johnston,Ma***@gmail.com,83******95
1501,Jeffery Bird,Je***@gmail.com,67******76
1692,Lisa Owens,Li***@gmail.com,84******25
1478,Susan Davis,Su***@outlook.com,78******80
1726,Heather Hill,He***@gmail.com,94******87
1394,Tiffany Randolph,Ti***@gmail.com,84******85
1868,Andrew Martin,An***@gmail.com,79******36
1313,Sandra Murphy,Sa***@outlook.com,66******00
1029,Kimberly Montes,Ki***@outlook.com,76******80
1837,Jennifer Thomas,Je***@gmail.com,60******33
1319,Debra Williams,De***@gmail.com,92******76
1174,Kathleen Anderson,Ka***@gmail.com,81******21
1346,Eric Romero,Er***@gmail.com,64******95
1230,Christina Richardson,Ch***@gmail.com,88******32
1830,Sandra Gray,Sa***@gmail.com,85******30
1328,Toni Crawford,To***@yahoo.com,77******57
1284,Lisa Hansen,Li***@gmail.com,86******15
1734,David Jackson,Da***@yahoo.com,62******58
1191,Jeremy Werner,Je***@outlook.com,70******55
1879,Carol Lane,Ca***@outlook.com,83******02
1520,Kelly Jordan,Ke***@outlook.com,69******48
1415,Jennifer Jackson,Je***@gmail.com,89******93
1747,Sarah Cain,Sa***@gmail.com,69******26
1524,Emily Davidson,Em***@yahoo.com,76******96
1600,William Schneider,Wi***@outlook.com,77******64
1714,Trevor Jones,Tr***@gmail.com,81******72
1027,Joseph Hunt,Jo***@outlook.com,79******16
1010,Robert Jackson,Ro***@gmail.com,72******14
1149,Michael Levine,Mi***@yahoo.com,71******03
1986,Steve White,St***@gmail.com,72******18
1547,Katie Griffin,Ka***@gmail.com,83******58
1660,Jamie Russo,Ja***@gmail.com,83******16
1898,Thomas Levy,Th***@gmail.com,61******13
1712,Kara Rogers,Ka***@outlook.com,98******06
1848,Michelle Myers,Mi***@gmail.com,62******97
1615,Mark Charles,Ma***@outlook.com,94******75
1804,Beth Berry,Be***@gmail.com,69******21
1266,Janice Parker,Ja***@yahoo.com,68******91
1232,Tracy Santana,Tr***@gmail.com,71******16
1646,Brian Shields,Br***@yahoo.com,67******30
1497,Angela Wheeler,An***@yahoo.com,85******54
1308,Stephanie Young,St***@gmail.com,83******67
1801,Nicole Rogers,Ni***@gmail.com,80******92
1735,Jennifer Brown,Je***@yahoo.com,86******66
1162,Amy Luna,Am***@gmail.com,88******03
1210,Molly Stewart,Mo***@yahoo.com,62******12
1928,Bryan Gentry,Br***@outlook.com,63******33
1645,Amy Becker,Am***@yahoo.com,62******91
1904,Zachary Perry,Za***@outlook.com,75******11
1608,Stephen Simpson,St***@yahoo.com,81******71
1471,Douglas Schmidt,Do***@yahoo.com,63******13
1356,John Arnold,Jo***@outlook.com,65******57
1431,Michael White,Mi***@outlook.com,99******90
1076,James Johnson,Ja***@gmail.com,97******44
1723,Jessica Johnson,Je***@gmail.com,79******63
1657,Kenneth Swanson,Ke***@outlook.com,63******67
1585,Wyatt Coleman,Wy***@gmail.com,99******62
1242,John Ward,Jo***@outlook.com,74******39
1951,Edward Madden,Ed***@yahoo.com,60******32
1831,Benjamin Wu,Be***@gmail.com,85******40
1032,Kurt Harrison,Ku***@outlook.com,69******94
1212,Mark Sherman,Ma***@gmail.com,80******18
1338,Brian Guzman,Br***@gmail.com,91******93
1956,Pamela Fernandez,Pa***@outlook.com,83******69
1420,Debra Short,De***@gmail.com,96******81
1916,Amber Foster,Am***@gmail.com,75******39
1841,Brooke Macdonald,Br***@gmail.com,73******35
1958,Sheila Sanchez,Sh***@gmail.com,71******36
1970,Lisa Anthony,Li***@gmail.com,76******59
1247,Chad Lawson,Ch***@yahoo.com,80******74
1774,Heather Moore,He***@gmail.com,61******07
1705,Stephanie Walker,St***@gmail.com,84******68
1396,Jason Taylor,Ja***@yahoo.com,64******16
1500,John Torres,Jo***@yahoo.com,68******73
1133,Jesse Rowe,Je***@yahoo.com,87******90
1145,Sean Williams,Se***@gmail.com,61******62
1278,Sandra Robinson,Sa***@gmail.com,99******46
1563,Kurt Mccoy,Ku***@outlook.com,88******40
2000,Gary Morton,Ga***@outlook.com,68******69
1682,Lucas Carter,Lu***@gmail.com,71******64
1869,Jeffrey Moore,Je***@gmail.com,61******10
1277,Keith Rodriguez,Ke***@yahoo.com,86******72
1178,Donna Hall,Do***@gmail.com,63******52
1053,Steve Mitchell,St***@outlook.com,90******06
1452,Diana Olson,Di***@gmail.com,62******50
1924,William Hopkins,Wi***@yahoo.com,82******14
1940,Wendy Rogers,We***@yahoo.com,80******57
1529,Brian Smith,Br***@outlook.com,88******18
1170,Nathan Richardson,Na***@gmail.com,77******44
1082,Javier Schmidt,Ja***@outlook.com,98******01
1537,Valerie Thomas,Va***@outlook.com,84******39
1342,Hunter Adams,Hu***@outlook.com,72******86
1195,Michael Collins,Mi***@outlook.com,83******64
1214,Leonard Horton,Le***@outlook.com,93******28
1464,Brian Hayes,Br***@yahoo.com,61******86
1416,Lance Lindsey,La***@yahoo.com,86******59
1460,Kenneth Dixon,Ke***@gmail.com,78******43
1187,Raymond Ford,Ra***@outlook.com,90******48
1918,Danielle Avery,Da***@outlook.com,69******36
1002,John Martin,Jo***@gmail.com,67******28
1140,Jessica Underwood,Je***@yahoo.com,91******86
1883,Teresa Ford,Te***@gmail.com,84******86
1066,Linda Bradford,Li***@outlook.com,61******46
1649,Kimberly Williams,Ki***@outlook.com,96******93
1186,Paul Morris,Pa***@gmail.com,80******05
1786,Amy Mckinney,Am***@gmail.com,64******87
1360,Rachel Davis,Ra***@yahoo.com,62******93
1557,Henry Jones,He***@gmail.com,67******82
1844,Jonathan Smith,Jo***@outlook.com,67******70
1539,Mitchell Cobb,Mi***@gmail.com,76******33
1332,Laura Werner,La***@gmail.com,87******50
1102,Christine Cooper,Ch***@yahoo.com,67******30
1301,Sandra Palmer,Sa***@gmail.com,69******53
1941,Kenneth Wright,Ke***@outlook.com,66******73
1688,Sarah Rogers,Sa***@outlook.com,92******93
1299,Keith Bennett,Ke***@yahoo.com,93******82
1925,Sierra Jordan,Si***@gmail.com,84******06
1221,Jennifer Hall,Je***@outlook.com,77******08
1744,Sarah Jones,Sa***@yahoo.com,92******63
1264,Lori Tucker,Lo***@outlook.com,81******47
1681,Alexandra Costa,Al***@yahoo.com,78******35
1189,Donald Gallegos,Do***@outlook.com,90******13
1671,John Owens,Jo***@gmail.com,92******45
1795,Justin Drake,Ju***@yahoo.com,70******88
1481,Daniel Washington,Da***@outlook.com,67******89
1598,Randall Kennedy,Ra***@gmail.com,68******86
1238,Troy Patton,Tr***@gmail.com,96******91
1521,Nicole Mills,Ni***@gmail.com,76******70
1558,Brenda Schneider,Br***@gmail.com,95******88
1987,Eric Waters,Er***@gmail.com,75******21
1303,Dustin Carter,Du***@gmail.com,77******62
1510,Corey Gibbs,Co***@gmail.com,74******97
1578,Alexander Peterson,Al***@gmail.com,84******09
1180,Chad Walsh,Ch***@gmail.com,81******48
1992,David Gomez,Da***@gmail.com,85******55
1991,Erica Daniel,Er***@gmail.com,81******95
1226,Charles Wright,Ch***@gmail.com,85******66
1165,Alexis Wilson,Al***@outlook.com,88******63
1962,Michael Simon,Mi***@gmail.com,74******32
1777,Cynthia Hall,Cy***@outlook.com,99******22
1482,Cody Oliver,Co***@gmail.com,96******09
1842,Andrew Thompson,An***@gmail.com,94******34
1397,Joshua Zavala,Jo***@gmail.com,65******32
1751,Jasmin Terry,Ja***@gmail.com,64******65
1231,Bianca Webb,Bi***@yahoo.com,94******93
1448,Preston Lewis,Pr***@outlook.com,87******90
1544,Robert Moore,Ro***@gmail.com,90******87
1218,Lindsey Gallegos,Li***@gmail.com,61******99
1912,Mario Cannon,Ma***@outlook.com,84******71
1931,Amy Mccall,Am***@gmail.com,75******53
1710,Dale Black,Da***@yahoo.com,83******80
1623,William Edwards,Wi***@gmail.com,71******09
1980,Edgar Palmer,Ed***@gmail.com,60******63
1917,Bruce Dodson,Br***@yahoo.com,70******10
1412,Caitlyn Reyes,Ca***@gmail.com,64******93
1405,Victoria Castaneda,Vi***@yahoo.com,71******87
1937,Manuel King,Ma***@gmail.com,96******68
1085,Jennifer Taylor,Je***@outlook.com,73******85
1211,David Kelly,Da***@gmail.com,76******28
1013,Timothy Butler,Ti***@gmail.com,81******25
1343,Michael Smith,Mi***@gmail.com,72******68
1556,Lauren Tate,La***@gmail.com,90******00
1196,Ashley Ortiz,As***@gmail.com,94******93
1200,Natalie Peters,Na***@outlook.com,92******64
1526,Joseph Farmer,Jo***@gmail.com,71******08
1525,Norman Stout,No***@yahoo.com,92******91
1604,Melissa Mcpherson,Me***@yahoo.com,77******81
1960,Jacob Williams,Ja***@gmail.com,83******43
1568,Lori Obrien,Lo***@gmail.com,75******70
1018,Benjamin Rivera,Be***@gmail.com,62******00
1679,Patricia White,Pa***@gmail.com,99******06
1574,Helen Cooley,He***@gmail.com,63******65
1476,Jessica Wilson,Je***@outlook.com,94******37
1513,Nathan King,Na***@gmail.com,98******27
1473,Ashley Dawson,As***@gmail.com,76******09
1256,Brooke Miller,Br***@yahoo.com,73******47
1732,Heather Ward,He***@yahoo.com,97******74
1654,Brian Riley,Br***@gmail.com,66******09
1814,Lynn Perkins,Ly***@gmail.com,74******38
1715,Justin Lin,Ju***@gmail.com,97******29
1008,James Barnes,Ja***@gmail.com,64******07
1024,Adrian Bruce,Ad***@gmail.com,79******37
1159,Steven Jackson,St***@outlook.com,71******33
1362,John Sharp,Jo***@gmail.com,96******85
1586,Kristen Lawrence,Kr***@gmail.com,75******47
1193,Eugene Carroll,Eu***@gmail.com,71******29
1621,Stacy Ramirez,St***@gmail.com,65******92
1609,Brian Johnson,Br***@gmail.com,95******76
1236,Jason Powell,Ja***@yahoo.com,68******14
1105,Michael Carlson,Mi***@gmail.com,66******05
1743,Shaun Zimmerman,Sh***@gmail.com,97******87
1372,Timothy Hendrix,Ti***@gmail.com,64******73
1358,Laura Parks,La***@outlook.com,93******53
1025,Michael Young,Mi***@gmail.com,65******90
1523,Nicholas Dudley,Ni***@gmail.com,62******22
1944,Jodi Gray,Jo***@gmail.com,65******36
1251,Edward Rangel,Ed***@gmail.com,89******39
1041,Rachel Steele,Ra***@outlook.com,74******20
1239,Eric Brown,Er***@gmail.com,92******45
1051,Heidi Haynes,He***@yahoo.com,81******74
1589,Kimberly Navarro,Ki***@outlook.com,88******71
1005,Elizabeth Contreras,El***@gmail.com,64******42
1395,William Francis,Wi***@gmail.com,65******28
1487,Joshua Taylor,Jo***@outlook.com,87******85
1357,Justin Cooper,Ju***@gmail.com,67******25
1957,Curtis Fischer,Cu***@gmail.com,70******97
1057,Casey Stone,Ca***@yahoo.com,89******92
1047,William Melendez,Wi***@yahoo.com,72******92
1954,Travis Kerr,Tr***@yahoo.com,62******03
1439,Tyrone Brown,Ty***@yahoo.com,68******74
1488,Jeffrey Woods,Je***@yahoo.com,96******14
1241,Maureen Daniels,Ma***@yahoo.com,68******41
1730,Danielle Hutchinson,Da***@gmail.com,94******34
1969,Christopher Hicks,Ch***@yahoo.com,62******84
1094,Kathleen Davis,Ka***@yahoo.com,90******77
1364,Danielle Davis,Da***@outlook.com,86******12
1767,Chelsea Booth,Ch***@gmail.com,66******06
1763,Daniel Washington,Da***@outlook.com,71******22
1456,Edwin Valenzuela,Ed***@gmail.com,79******65
1929,Elizabeth Drake,El***@yahoo.com,85******25
1509,Linda Martin,Li***@outlook.com,62******88
1061,Justin Holt,Ju***@gmail.com,94******82
1108,Margaret Green,Ma***@outlook.com,77******45
1388,Justin Reyes,Ju***@gmail.com,71******03
1909,Richard Smith,Ri***@gmail.com,78******21
1838,Nicole Evans,Ni***@gmail.com,80******83
1820,Emily Davis,Em***@outlook.com,98******20
1934,Sandra Taylor,Sa***@outlook.com,95******47
1597,Monica Jones,Mo***@yahoo.com,92******01
1561,Dustin Edwards,Du***@yahoo.com,74******47
1637,Priscilla Acosta,Pr***@gmail.com,81******52
1474,Alyssa Young,Al***@gmail.com,92******77
1123,John Wood,Jo***@yahoo.com,67******91
1797,Michael Sharp,Mi***@yahoo.com,75******03
1788,Kenneth Owens,Ke***@gmail.com,91******71
1617,Ronald Todd,Ro***@yahoo.com,77******82
1323,Patricia Zuniga,Pa***@outlook.com,72******15
1943,Dana Adkins,Da***@yahoo.com,63******10
1209,Jenna Moses,Je***@outlook.com,99******01
1038,Elizabeth Rivas,El***@outlook.com,66******30
1334,Johnathan Pruitt,Jo***@yahoo.com,90******78
1550,Sierra Anderson,Si***@outlook.com,93******06
1862,Sydney Love,Sy***@gmail.com,82******96
1426,Donna Burns,Do***@gmail.com,97******03
1910,Shelby Barnett,Sh***@yahoo.com,66******34
1713,Carolyn Sanchez,Ca***@outlook.com,76******68
1516,Alexander Holder,Al***@yahoo.com,80******94
1188,Anthony Martinez,An***@gmail.com,94******24
1668,Mary Dyer,Ma***@outlook.com,81******22
1642,Jeffrey Taylor,Je***@gmail.com,96******99
1249,Brittany Ortega,Br***@gmail.com,76******14
1684,Leslie Cole,Le***@gmail.com,85******77
1003,Alexandria Nelson,Al***@yahoo.com,93******88
1717,Evelyn Miller,Ev***@gmail.com,92******17
1096,Andrew Hardy,An***@gmail.com,70******72
1546,Misty Wyatt,Mi***@gmail.com,94******24
1260,Shawn Long,Sh***@yahoo.com,77******47
1742,Christopher Thompson,Ch***@gmail.com,63******53
1116,Jennifer Dillon,Je***@yahoo.com,73******19
1843,Alexander Lamb,Al***@outlook.com,92******10
1224,Diana Patel,Di***@yahoo.com,61******98
1073,John Stone,Jo***@yahoo.com,97******98
1404,John Greene,Jo***@yahoo.com,73******84
1493,Caitlin Wilson,Ca***@gmail.com,64******36
1768,Matthew Harris,Ma***@yahoo.com,76******61
1348,William Brown,Wi***@gmail.com,72******70
1115,Tina White,Ti***@yahoo.com,95******48
1952,Angela Smith,An***@gmail.com,66******77
1327,Samuel Leonard,Sa***@yahoo.com,62******72
1458,Mark Morse,Ma***@gmail.com,77******65
1851,Anna Baker,An***@outlook.com,60******38
1318,Andrew Richards,An***@gmail.com,76******53
1490,John Noble,Jo***@gmail.com,97******17
1144,Brianna Williams,Br***@gmail.com,94******30
1227,James Mccormick,Ja***@outlook.com,78******04
1030,Anthony Hayden,An***@gmail.com,95******39
1835,Justin Steele,Ju***@yahoo.com,97******31
1204,Andrew Hendricks,An***@gmail.com,72******79
1371,Kayla Luna,Ka***@outlook.com,76******81
1565,Mark Johnson,Ma***@yahoo.com,61******33
1243,Erin Roberts,Er***@gmail.com,82******19
1828,Sheila Hunt,Sh***@yahoo.com,76******76
1674,Debra Lopez,De***@yahoo.com,87******58
1750,Anita Mclean,An***@gmail.com,92******17
1807,Kristen Leonard,Kr***@gmail.com,83******16
1698,James Carter,Ja***@outlook.com,85******47
1959,Benjamin Davis,Be***@gmail.com,64******42
1595,John Paul,Jo***@outlook.com,97******62
1725,Sarah Wall,Sa***@gmail.com,91******85
1273,Lisa Henry,Li***@gmail.com,79******89
1168,Jessica Adams,Je***@outlook.com,69******37
1632,Ashley Delgado,As***@gmail.com,62******12
1409,Melanie Hayes,Me***@yahoo.com,87******11
1888,Bill Nunez,Bi***@gmail.com,66******17
1272,Tyler Vasquez,Ty***@gmail.com,84******75
1113,Jason Russell,Ja***@yahoo.com,97******00
1813,Ronald Fowler,Ro***@yahoo.com,66******02
1244,Erik Davis,Er***@gmail.com,72******73
1359,Jo Barnes,Jo***@gmail.com,94******78
1899,Jason Miller,Ja***@gmail.com,93******28
1440,James Edwards,Ja***@outlook.com,82******70
1152,Howard Barr,Ho***@gmail.com,80******49
1528,Zachary Curry,Za***@yahoo.com,91******30
1237,Amanda Smith,Am***@outlook.com,88******66
1288,Connor Rose,Co***@gmail.com,69******43
1699,Benjamin Butler,Be***@gmail.com,85******47
1172,Cody Fleming,Co***@gmail.com,61******92
1552,Cynthia Buchanan,Cy***@yahoo.com,81******48
1297,Travis Wilson,Tr***@yahoo.com,85******85
1650,Andre Lamb,An***@gmail.com,69******91
1192,Tracy Gross,Tr***@gmail.com,80******48
1389,Andrew Jones,An***@gmail.com,71******82
1331,Craig Zamora,Cr***@outlook.com,97******35
1181,Lynn Shaw,Ly***@yahoo.com,96******28
1793,Benjamin Williams,Be***@gmail.com,73******28
1796,Amy Wilson,Am***@gmail.com,83******29
1737,Craig Jones,Cr***@yahoo.com,87******36
1867,Julie Lowery,Ju***@outlook.com,74******96
1498,Karen Owens,Ka***@gmail.com,88******37
1782,Billy Wilcox,Bi***@gmail.com,79******05
1810,Bonnie Lopez,Bo***@outlook.com,73******53
1882,Mary Boyer,Ma***@gmail.com,74******03
1627,Matthew Osborn,Ma***@yahoo.com,61******40
1689,Christopher Stephens,Ch***@gmail.com,64******84
1314,Heather Houston,He***@yahoo.com,91******83
1122,Melissa Levy,Me***@gmail.com,87******02
1602,Andrew Diaz,An***@yahoo.com,81******57
1919,Joseph Bauer,Jo***@outlook.com,67******14
1259,Miranda Perez,Mi***@outlook.com,62******38
1062,Richard Copeland,Ri***@gmail.com,72******67
1462,Bradley Sutton,Br***@yahoo.com,74******75
1590,Karen Anderson,Ka***@gmail.com,80******95
1652,Kelly Hamilton,Ke***@gmail.com,94******59
1871,Ronald Lloyd,Ro***@gmail.com,76******33
1564,Adriana English,Ad***@yahoo.com,85******64
1973,Joseph Martinez,Jo***@yahoo.com,78******21
1121,Stacy Murphy,St***@outlook.com,97******77
1015,Courtney Barton,Co***@yahoo.com,82******04
1387,Geoffrey Price,Ge***@outlook.com,81******93
1545,Jesse Hopkins,Je***@gmail.com,69******68
1069,Grace Silva,Gr***@yahoo.com,61******58
1755,Scott Norman,Sc***@gmail.com,74******96
1634,Mark Cook,Ma***@outlook.com,73******64
1067,Kim Burke,Ki***@gmail.com,66******84
1050,Robert Hughes,Ro***@yahoo.com,73******46
1361,Jennifer Hart,Je***@gmail.com,99******68
1588,John Gonzales,Jo***@gmail.com,68******46
1450,James Hayes,Ja***@yahoo.com,94******32
1581,Natasha Cook,Na***@outlook.com,89******05
1966,George Moreno,Ge***@outlook.com,78******26
1148,Julie Graham,Ju***@yahoo.com,88******47
1638,Brendan Ayers,Br***@gmail.com,78******55
1202,William Green,Wi***@yahoo.com,95******72
1400,Linda Ward,Li***@gmail.com,94******23
1052,Christopher Phillips,Ch***@gmail.com,75******48
1669,Crystal Vincent,Cr***@gmail.com,82******97
1789,Jessica Young,Je***@yahoo.com,70******38
1889,Derek Peters,De***@gmail.com,67******97
1425,Daniel Ortiz,Da***@outlook.com,80******17
1300,Victor Anthony,Vi***@gmail.com,89******91
1822,Lori Jackson,Lo***@gmail.com,77******50
1225,James Johnson,Ja***@yahoo.com,70******36
1542,Julie Newton,Ju***@gmail.com,71******70
1166,Daniel Mclaughlin,Da***@gmail.com,60******92
1341,Paul Hobbs,Pa***@outlook.com,92******49
1009,Stephanie Roy,St***@yahoo.com,66******84
1647,Nicholas Cook,Ni***@yahoo.com,70******57
1716,Susan Jones,Su***@yahoo.com,79******14
1255,Kara Wong,Ka***@gmail.com,81******49
1739,Thomas Gutierrez,Th***@yahoo.com,63******11
1292,Cheryl Willis,Ch***@gmail.com,61******54
1280,Sara Young,Sa***@gmail.com,64******30
1097,Lori Jacobs,Lo***@yahoo.com,81******12
1963,Scott Nelson,Sc***@gmail.com,91******28
1847,Valerie Jordan,Va***@gmail.com,65******10
1095,Wendy Henry,We***@gmail.com,89******98
1418,Willie Gonzalez,Wi***@gmail.com,78******91
1535,Daniel Walker,Da***@yahoo.com,81******40
1215,Christopher Thomas,Ch***@yahoo.com,90******81
1756,Mark Lopez,Ma***@outlook.com,61******24
1173,Wendy Keith,We***@outlook.com,98******06
1614,Wendy Lewis,We***@yahoo.com,98******91
1531,Judy Moore,Ju***@gmail.com,77******29
1913,Randy Morrison,Ra***@gmail.com,67******88
1766,Michael Bennett,Mi***@gmail.com,96******39
1339,Nicolas Dennis,Ni***@gmail.com,83******10
1302,Stephanie Martin,St***@yahoo.com,64******10
1111,Ashley Stanley,As***@yahoo.com,93******32
1771,Richard Robinson,Ri***@gmail.com,70******84
1039,Jessica Powell,Je***@outlook.com,63******15
1483,Natalie Phelps,Na***@yahoo.com,97******34
1749,Richard Cortez,Ri***@gmail.com,72******44
1143,William Turner,Wi***@outlook.com,79******78
1999,Patrick Jensen,Pa***@gmail.com,72******11
1444,Kerri Ortega,Ke***@gmail.com,71******91
1017,Robert Jones,Ro***@outlook.com,62******70
1758,Donald Mendez,Do***@gmail.com,66******01
1020,Julie Lester,Ju***@gmail.com,67******94
1016,Patricia Noble,Pa***@yahoo.com,81******26
1998,Jonathan Jones,Jo***@outlook.com,78******19
1310,Bryce Benton,Br***@gmail.com,82******17
1972,Andrew Arroyo,An***@outlook.com,84******68
1855,Andrew Coleman,An***@gmail.com,76******24
1927,Amy Contreras,Am***@yahoo.com,80******73
1315,Benjamin Jones,Be***@outlook.com,68******62
1295,Jennifer Franklin,Je***@gmail.com,86******94
1203,Barbara Miranda,Ba***@gmail.com,66******60
1733,Rhonda Dennis,Rh***@gmail.com,80******72
1701,James Page,Ja***@yahoo.com,82******19
1886,Rebecca Mckenzie,Re***@gmail.com,66******17
1695,Monica King,Mo***@outlook.com,97******41
