customer_id,customer_name,Revenue,Orders
1,Karen Pollard,555200.0,7
2,Steven Evans,3380000.0,9
3,Marc Carter,270000.0,2
4,Kelly Brown,791300.0,5
5,Kathleen Olson,415500.0,4
6,Eric Turner,970000.0,4
7,John Edwards,612000.0,3
8,Francisco Suarez,362200.0,4
9,Dillon Harris,375000.0,3
10,Tracy Olson,1660000.0,5
11,James Leblanc,1060000.0,6
12,Dylan Martinez,8000.0,1
13,Jay Knight,1115000.0,3
14,Joseph Jones,1106300.0,5
15,Robin Ray,2535000.0,6
16,Cesar Dean,1608900.0,5
17,Duane Hall,1432000.0,9
18,Allison Adams,729000.0,7
19,Jessica Osborne,675000.0,3
20,John Marshall,451500.0,4
21,Andrea Ford,440000.0,2
22,James Walters,1482000.0,8
23,Rebecca Smith,2600.0,1
24,Donald Blevins,221500.0,3
25,Kenneth Johnson,352600.0,2
26,Brittany Schmidt,160000.0,1
27,Ashley Simpson,1630000.0,5
28,Nicholas Carroll,71500.0,2
29,Leah Dunn,208900.0,3
30,Todd Harding,550000.0,3
31,Lisa Velazquez,975000.0,3
32,Shane Carlson,1090000.0,2
33,John Sullivan,765000.0,4
34,Rachel Ball,8000.0,1
35,Guy Walker,295000.0,3
36,Brian Martinez,1595200.0,6
37,Joshua Nunez,1980000.0,8
38,Laura Shelton,555200.0,5
39,Megan Jones,440000.0,4
40,Kristina Harrell,782000.0,6
41,Brandon Robinson,535000.0,3
42,Michael Swanson,235400.0,4
43,Jennifer Frye,1611900.0,7
44,John Saunders,304000.0,3
45,Tasha Baker,650200.0,7
46,Mallory Boyd,318900.0,3
47,Jason Jones,160000.0,1
48,Nancy Cole,15000.0,1
49,Dominique Jones,400000.0,2
50,Stacey Henderson,547000.0,4
51,Cory Ellis,417600.0,4
52,David Hernandez,907000.0,6
53,John Bridges,1190200.0,8
54,Jessica Hernandez,953900.0,6
55,Patrick Velez,204000.0,2
56,Joshua Li,636500.0,4
57,Charles Henderson,805000.0,3
58,Michelle Barnes,292600.0,4
59,Mathew Jackson,1470000.0,3
60,Kathleen Moreno,170000.0,3
61,John Cruz,1300.0,1
62,Sarah Park,338000.0,5
63,Joseph Little,1215200.0,4
64,Sheri Osborne,1636000.0,4
65,Sarah Jackson,435000.0,3
66,Jonathan Lewis,795000.0,5
67,Jamie Harvey,562600.0,5
68,Stephanie Scott,1600000.0,5
69,Pamela Williamson,290000.0,2
70,David Parker,870000.0,4
71,Tina Bowers,524000.0,5
72,Michael Wood,1005000.0,4
73,Anthony Gonzalez,837600.0,5
74,David Alvarez,375000.0,4
75,Jacob Mathis,340000.0,2
76,Cindy Lewis,635000.0,4
77,Robert Diaz,565000.0,5
78,Manuel Cortez,160000.0,1
79,Tony Jones,87600.0,4
80,Cynthia Petersen,2600.0,1
81,Michael Wagner,1001300.0,6
82,Brittney Watkins,420000.0,4
83,Richard Lyons,250000.0,1
84,Paul Pacheco,875000.0,5
85,Suzanne Estes,200000.0,1
86,Rachel Gonzales,479000.0,4
87,Peter Silva,846600.0,7
88,Alex Mccullough,1052000.0,4
89,Joseph Davis,395000.0,3
90,Joe Gillespie,340000.0,2
91,Christopher Martin,1784900.0,6
92,Kelly Chang,1268900.0,3
93,Judith Sanchez,649000.0,5
95,John Jacobs,1085000.0,4
96,Traci Cole,135000.0,1
97,Joseph Nolan,2260000.0,6
98,Cindy Mueller,716000.0,4
99,Maria Mathews,64000.0,2
100,Thomas Walker,1555000.0,8
101,Craig Ray,815000.0,2
102,Jennifer Rodriguez,445000.0,5
103,Mathew Perkins,1030000.0,4
104,Amanda Castillo,1551600.0,15
105,Melanie Valencia,32000.0,1
106,James Pham,400000.0,3
107,Cory Tyler,1605000.0,4
108,Andrew Vazquez,1295000.0,3
109,Michael Walker,1374000.0,7
110,Dale Hughes,287000.0,3
111,Alyssa Mitchell,575000.0,4
112,Bill Maldonado,256300.0,4
113,Patricia Carlson,1570200.0,4
114,Mark Baird,110000.0,2
115,Linda Graham,545000.0,3
116,Doris Banks,885000.0,4
117,Brent Clark,835000.0,3
118,Tammy Harding,335000.0,2
119,Dana Castro,998000.0,6
120,Michael Horton,846500.0,5
121,Deborah Vang,1050000.0,4
122,Sara Chen,186500.0,3
123,Trevor Sharp,1455000.0,6
124,Sarah Rios,806700.0,6
126,Matthew Park,250000.0,2
127,Carlos Hickman,685000.0,4
128,Ethan Porter,172000.0,3
129,Thomas Wells,1315200.0,6
130,Bailey Smith,1955000.0,5
131,Pamela Peterson,2198200.0,8
132,Ronald Harrison,310000.0,2
133,Christy Stone,900000.0,3
134,Marie Thomas,550000.0,3
135,Daniel Wallace,538900.0,5
136,Jasmine Miller,170000.0,2
137,Kathleen Douglas,455000.0,4
138,Andrea Olson,80200.0,3
139,Melissa Peterson,1689000.0,7
140,Aaron Black,240000.0,3
141,Brooke Nunez,445000.0,4
142,Charles Brown,1495000.0,7
143,Brian Johnson,510000.0,3
144,Amber Boyd,2201000.0,7
145,Michael Hendrix,1730200.0,5
146,Jose Thomas,194000.0,3
147,Rebecca Wallace,1000000.0,1
148,Christopher Shepherd,1275000.0,3
149,Ashley Mejia,341900.0,5
150,Donald Bradley,1069000.0,7
151,Jennifer Sims,136300.0,2
152,Levi Leon,719000.0,5
153,Stephanie Hanna,475200.0,7
154,Michael Smith,2841000.0,5
155,James Fleming,786500.0,4
156,Sara Romero,550000.0,5
157,Diana Grant,8000.0,1
158,Tiffany Mitchell,485000.0,5
159,Patrick Lucas,580000.0,4
160,Eric Richardson,272000.0,2
161,Christopher Davis,561300.0,3
162,Kirsten Thomas,1669000.0,4
163,Robert Carlson,321300.0,4
164,Shawn Stewart,336000.0,4
165,Rebecca Hays,824500.0,6
166,David Simmons,45200.0,2
167,Madison Gentry,670000.0,4
168,Joyce Robertson,710000.0,4
169,Angela Dixon,487000.0,4
170,Jasmine Ortega,161300.0,2
171,Michael Church,310000.0,3
172,Daniel Smith,1281500.0,5
173,Joshua Smith,1940000.0,6
174,Jeffrey Lamb,456500.0,4
175,Shelby Casey,65000.0,1
176,Robin Scott,1727200.0,5
177,Barbara Weber,782600.0,5
178,Claudia Miles,290000.0,2
179,Joshua Spencer,160000.0,1
180,Chelsea Meyer,406500.0,4
181,Maria Robinson,2810000.0,8
182,Kathleen Castro,1342000.0,7
183,Paul Gomez,408000.0,3
184,Katherine Jones,412000.0,3
185,Sarah Cohen,831500.0,6
186,Dawn Garrett,1847600.0,8
187,Timothy Salazar,566500.0,4
188,Allison Oliver,1210000.0,5
189,Melinda Rodriguez,629000.0,4
190,Heather Martinez,246000.0,4
191,Megan Nguyen,1265000.0,3
192,Nina Robinson,1267000.0,4
193,Mary White,540000.0,4
194,Leonard Taylor,302600.0,3
195,Janice Berry,226300.0,2
196,Mary Hicks,1654000.0,4
197,Gabriel Mills,1466500.0,6
198,Carrie Houston,923500.0,5
199,Marissa Cortez,1425000.0,5
200,Miguel Proctor,1090000.0,4
201,Lisa Tran,290000.0,2
202,Amanda Reed,2064900.0,8
203,Samantha Wells,561500.0,4
204,Kevin Osborne,613900.0,4
205,Renee Harris,430000.0,4
206,Kevin Cox,230200.0,3
207,Tonya Lopez,1972600.0,8
208,Matthew Berry,1420000.0,5
209,Aaron Mclaughlin,1472200.0,6
210,Cynthia Pugh,75000.0,1
211,Arthur Lopez,195000.0,2
212,Russell Day,841000.0,3
213,Nancy Lee,57900.0,3
214,Megan Hall,1320000.0,2
215,Crystal Aguilar,1306500.0,8
216,Patricia Myers,1586000.0,4
217,Eric Cross,1646300.0,8
218,Brian Hoffman,155000.0,2
219,Alexander Phillips,505200.0,5
220,Maria Walker,606000.0,6
221,David Hart,507600.0,4
222,Emily Hernandez,620000.0,5
223,Jocelyn Peterson,205000.0,3
224,Benjamin Reyes,1606500.0,4
225,Caitlin Contreras,936500.0,3
226,Shawn Townsend,286500.0,3
227,Tracey Garcia,785000.0,3
228,James Hernandez,445000.0,2
229,Randy Wilkins,1080000.0,3
230,Jose Guerrero,1250000.0,6
231,Jason Smith,2628000.0,6
232,Joel Reid,530000.0,4
233,Jacqueline Thomas,70000.0,1
234,Kristin Taylor,203000.0,2
235,Robyn Rodriguez,142600.0,2
236,Frank Gray,154000.0,2
237,Jamie Casey,803000.0,6
238,Zachary Hooper,373900.0,3
239,Tyler Greene,1480000.0,7
240,Traci Farmer,821000.0,5
241,James Gonzales,1343900.0,4
242,James Pham,553000.0,4
243,Christian Martin,695000.0,4
244,Frederick Gonzalez,1021300.0,4
245,Brittany Harris,200000.0,2
246,Franklin Carlson,1003900.0,2
247,David Cherry,1685000.0,6
248,Anthony Henry,965000.0,3
249,Alyssa Henderson,440000.0,3
250,Steven Baker,1370000.0,5
251,Matthew Clarke,45000.0,1
252,Shannon Dennis,842000.0,5
253,Emily Rodriguez,1139000.0,6
254,Daniel Santos,1300000.0,6
255,Madison Tate,390000.0,2
256,Nicole Williams,1131200.0,8
257,Courtney Terrell,1070000.0,4
258,Larry Taylor,1231900.0,8
259,Kevin Ramirez,895000.0,5
260,Cynthia Fields,2808000.0,6
261,Ronnie Martin,572600.0,6
262,Michael Elliott,770000.0,4
263,Joshua Anderson,785000.0,5
264,Kelli Johnson,819500.0,8
265,Frederick Ortiz,225000.0,2
266,Nicole Diaz,225000.0,2
267,Scott Price,855000.0,4
268,Megan Little,231500.0,3
269,Christina Conrad,550500.0,5
270,Katherine Shaw,235000.0,3
271,Jake Arnold,855000.0,3
272,Gary Gilbert,380000.0,3
273,John Evans,1075000.0,2
274,Joseph Parker,675000.0,7
275,Edward Beck,965000.0,4
276,Kelly Montgomery,375300.0,3
277,Robert Baker,1030000.0,3
278,Daniel Stevens,305000.0,3
279,Lucas Stevens,793000.0,5
280,David Morales,962000.0,5
281,Ashley Anderson,1274000.0,3
282,Tasha Roberson,700000.0,5
283,Anna Bernard,742600.0,5
284,Erin Richmond,1429900.0,5
285,Amanda Anderson,1310000.0,7
286,Carmen Sanders,145200.0,3
287,Cory Howell,188000.0,3
288,Darren Parker,1604000.0,9
289,Kelly Powell,424000.0,2
290,Megan Carter,907600.0,6
291,Jerry Freeman,845000.0,5
292,Brenda Reilly,710000.0,3
293,Luke Cummings,860000.0,5
294,Jared Moreno,1310000.0,4
295,Samuel Decker,207000.0,3
296,Katherine Frazier,1127000.0,7
297,Susan Hill,2482600.0,8
298,Ryan Massey,1925000.0,8
299,Megan Harris,825000.0,4
300,Tiffany Miller,642000.0,6
301,Alexandra Nguyen,240000.0,4
302,James Robles,2250000.0,5
303,Derek Rose,1545000.0,5
304,Aaron Moore,655000.0,3
305,Zachary Cabrera,1070000.0,7
306,Margaret Gordon,155000.0,2
307,Evelyn Bridges,480200.0,7
308,Lori Bowen,76600.0,3
309,Gary Allen,1880000.0,3
310,Lee Brown,662000.0,3
311,Juan Murphy,1012600.0,5
312,James Morales,1890000.0,4
313,Mary Lowe,844000.0,7
314,Paul Gonzales,385000.0,2
316,James Jordan,800000.0,4
318,Gina Dickerson,425000.0,2
319,Kristen Richards,32000.0,1
320,Stephen Tyler,2265000.0,6
321,Chris Garcia,375000.0,2
322,Allison Foster,825000.0,4
323,Victoria Phillips,1505000.0,6
324,Diana King,350000.0,1
325,Theresa Villarreal,500000.0,3
326,Deborah Reyes,393900.0,3
327,Chris Parsons,325000.0,1
328,Anna Chase,135000.0,1
329,William Jackson,507600.0,5
330,Don Thompson,1381300.0,3
331,Jordan May,135000.0,1
332,James Morris,180000.0,1
333,Gloria Hill,210000.0,1
334,Brenda Gonzales,461000.0,4
335,Jacob Evans,1031000.0,4
336,Gregory Mitchell,1525200.0,4
337,Cameron Myers,406500.0,3
338,Lisa Garrison,1470400.0,10
339,Stacy Hernandez,688000.0,4
340,Paul Smith,597600.0,4
341,Cory Alvarado,410000.0,4
342,Jessica Fowler,169000.0,4
343,Allen Mcdowell,979500.0,6
344,Brian Wells,280000.0,2
345,Kathy Smith,282600.0,4
346,Erin Frye,375000.0,4
347,David Medina,976000.0,5
348,James Nash,2040000.0,7
349,Joel Baker,435500.0,5
350,Gregory Knapp,171300.0,4
351,Brandi Meyer,690000.0,3
352,Daniel Gonzales,759300.0,5
353,Rachel Velasquez,274000.0,4
354,Krista Oliver,350000.0,1
355,Robert Nelson,21500.0,2
356,Larry Mercado,479100.0,5
357,Kimberly Adams,560000.0,3
358,Jasmin Anderson,100000.0,1
359,Ryan Williams,385000.0,5
360,Lindsey Yang,1024000.0,3
361,Daniel Williams,670000.0,4
362,David Wells,3600000.0,9
363,Leonard Travis,921500.0,7
364,Kelly Graves,970000.0,7
365,Lynn Chavez,50000.0,1
366,Kelsey Shelton,255000.0,3
367,Joshua Tate,546500.0,5
368,Emily Scott,837200.0,6
370,Jessica Moreno,187900.0,6
371,Janice Morris,195000.0,2
372,Brandon Gordon,622800.0,6
373,William Goodman,60000.0,1
374,Brian King,600000.0,2
375,Jessica Harrell,860000.0,4
376,Traci Floyd,212000.0,2
377,Michael Black,286300.0,5
378,Rebecca Trujillo,260000.0,1
379,Andres Stokes,865000.0,4
380,Matthew Douglas,1210000.0,2
381,Melissa Garza,1091300.0,6
382,Billy Ramirez,1126500.0,5
383,Debra Parker,932600.0,4
384,Jeffrey Williams,2770000.0,6
385,Austin Love,413900.0,3
386,Brittney Moreno,1005000.0,4
387,Kenneth Rocha,1005000.0,6
388,Daniel Wilson,163000.0,4
389,Tyler Kim,1035000.0,4
390,Erika Knight,645200.0,6
391,Catherine Beard,3697600.0,8
392,Jeffery Wallace,300200.0,3
393,Shannon Alvarez,825000.0,5
394,Jeffrey Johnson,392000.0,3
395,John Lee,330000.0,3
396,Connie Edwards,447000.0,5
397,Shelley Garza,540000.0,2
398,Michele Sanchez,1401300.0,8
399,Rebecca French,1530000.0,3
400,Brenda Johnson,2835200.0,6
402,Patricia Herring,235000.0,3
403,Taylor Ellison,415000.0,2
404,Julian Cox,695000.0,5
405,Tina Olson,142600.0,2
406,Gregory Nelson,281500.0,4
407,Erika Maxwell,925000.0,5
408,Hannah Russell,842900.0,6
409,Elizabeth Watson,699000.0,5
410,Briana Greene,1206500.0,3
411,Robin Hernandez,328900.0,3
412,Nicole Ray,47000.0,2
414,Chase Johnson,936900.0,6
415,Jackson Kaiser,685200.0,5
416,Katelyn Flores,400000.0,1
417,Kristina Lewis,1944000.0,7
419,William Taylor,477000.0,5
420,Marcus Wilkinson,575000.0,4
421,Rebecca Holland,625000.0,3
422,Patrick Ramirez,75200.0,3
423,Mary Cooke,490000.0,4
424,Tiffany Williams,930000.0,3
425,Lindsay Buchanan,1019000.0,6
426,Amber Hess,530000.0,2
427,Kelly Mccormick,95200.0,2
428,Michelle Rogers,385000.0,4
429,Michael Welch,1161300.0,3
430,Elizabeth Stephens,279000.0,3
431,Tracie Kim,484100.0,7
432,Charles Nelson,854400.0,10
433,Gary Graham,751300.0,2
434,Robert Sosa,755200.0,3
435,Wendy Robinson,2005400.0,9
436,Jesse Conway,1080000.0,3
437,Carrie Landry,38000.0,2
438,Lindsay Bartlett,1180000.0,3
439,Billy James,210000.0,1
440,Tracy Sheppard,350000.0,4
441,Austin Bowman,486000.0,3
442,Gregory Vazquez,505000.0,2
443,Judy Patton,365200.0,3
444,Diamond King,15000.0,1
445,Steven Byrd,907800.0,5
446,Scott Smith,2135000.0,7
447,Zachary Johnson,92000.0,2
448,Eileen Moore,160000.0,1
449,Erin Summers,1871300.0,5
450,Matthew Martinez,340000.0,3
452,Cory Humphrey,1345000.0,4
453,Sarah Brown,11700.0,2
454,Larry Perkins,1075200.0,3
455,Morgan Wright,425000.0,3
456,Christopher Williams,745000.0,4
457,Cathy Harris,336000.0,4
458,Jared Lane,1065000.0,6
459,Jason Moreno,566000.0,5
460,Cynthia Schultz,335000.0,2
462,Steven Perry,154000.0,4
463,Kevin Cruz,521500.0,4
464,Gail Wilson,583900.0,5
465,Heather Walker,385000.0,3
466,Kyle Morris,213900.0,3
467,Tommy Brown,100000.0,2
468,Sonya Watts,1455000.0,4
469,Michael Garcia,1499300.0,8
470,Jasmine Harris,1250000.0,1
471,Jamie Kelly,1398000.0,3
472,Christian Jennings,223900.0,4
473,Daniel Tapia,1356700.0,6
474,Jennifer Garner,195000.0,2
475,Natalie Andrews,433000.0,4
476,Jill Bryant,690000.0,4
477,Willie Mata,2616500.0,5
478,Crystal Mejia,282000.0,3
479,Tracy Underwood,1130000.0,4
480,Denise Guerra,175000.0,3
481,Valerie Phillips,1001300.0,6
482,Nathaniel Montes,1685000.0,6
483,Stephanie Holt,130000.0,1
484,Eric Cabrera,751300.0,2
485,James Harris,1555000.0,4
486,Juan Rios,350000.0,1
487,Mark Thompson,243000.0,3
488,Kathy Henry,1560000.0,4
489,Jennifer Bell,1375000.0,3
490,Ian Cummings,24000.0,1
491,John Olson,85000.0,2
492,Kelsey Torres,1040000.0,2
493,Stacy Bass,269000.0,3
494,Russell Estes,110000.0,3
495,John Cummings,1340200.0,9
497,Walter Peterson,670000.0,2
498,Russell Crawford,425000.0,2
500,Katelyn Garza,450000.0,5
501,Tammy Gomez,1958900.0,6
502,Amy Stewart,297900.0,4
503,Lauren Thomas,224000.0,2
504,Victor Hendricks,1026500.0,5
505,Samantha Hull,288000.0,4
506,Stephanie Young,45000.0,1
507,Thomas Cameron,936000.0,7
508,Jesus Decker,666000.0,6
509,Valerie Brooks,227600.0,3
510,Gregory Montgomery,130000.0,1
511,Eric Johnson,350000.0,1
513,Brandon Sims,3055000.0,6
514,Joshua Cummings,1463000.0,5
515,Amy Lee,551300.0,4
516,Brittany Roberts,1085000.0,6
517,Fernando Garza,104000.0,2
518,Alexander Davenport,1655000.0,4
519,Kylie Ferguson,1715000.0,4
520,Holly Jackson,1051500.0,3
521,Christopher Colon,413000.0,3
522,Mike Campbell,485000.0,2
523,Emily Cohen,1086500.0,3
524,Derek Garza,430000.0,3
525,Laura Barajas,630000.0,4
526,Paul Fields,860000.0,4
527,Terri Williams,355000.0,2
528,Kerri Rodriguez,1461500.0,8
529,Justin Brown,735000.0,3
530,Mark Fowler,1755000.0,5
531,Frances Hines,445000.0,2
532,Scott Hall,6500.0,1
533,Andrew Riggs,537000.0,4
534,Deborah Lopez,1240000.0,3
535,Jamie Mann,234000.0,2
536,Nicole Steele,243900.0,2
537,Ernest Meyers,554000.0,5
538,Haley Henderson,719200.0,5
539,Kari Austin,1451300.0,5
540,Amy Cruz,302000.0,3
541,Melissa Perez,498000.0,4
542,Angela Martin,385000.0,4
543,William Estrada,60000.0,1
544,Charles Weaver,1210000.0,4
545,Paul Howell,45000.0,1
546,Angel Gibson,1276300.0,4
547,Melinda Brown,275000.0,2
548,Jesse King,610000.0,4
549,Jacob Hopkins,896000.0,5
550,Raymond Martinez,1188000.0,6
551,Joel Coleman,400000.0,2
552,Anthony Cox,376000.0,4
553,Veronica Davis,1525200.0,6
554,Jason Myers,650000.0,2
555,Christopher Cruz,32000.0,1
556,Roger Guerrero,800000.0,5
557,Joseph Cowan,966900.0,7
558,Bryan Phelps,1213000.0,5
559,Todd Stevens,33900.0,2
560,Anthony Lawrence,2315200.0,9
561,Allison Lee,156500.0,3
562,Breanna Fletcher,1180000.0,3
563,Robert Baird,613900.0,6
564,Spencer Davis,1980000.0,8
565,Craig Moore,1544100.0,10
566,Tina Chung,1435000.0,3
567,Benjamin Peters,512600.0,4
568,Joshua Collins,212600.0,4
569,Lindsay Levine,1158000.0,6
570,Donald Carter,1596300.0,7
571,Frederick Stevenson,251600.0,3
572,Holly Russell,366300.0,5
573,Erin Duncan,1400000.0,2
574,Carl Barrera,852000.0,4
575,Willie Holloway,135200.0,2
576,Angela Weiss,639000.0,6
577,John Johnson,169000.0,3
578,Kristi Wilson,1285000.0,4
579,Christian Clay,1145000.0,3
580,Meredith Walker,2450000.0,8
581,Lindsey Tran,260000.0,2
582,Kristin Bradley,1141000.0,4
584,Stacie Jones,2027600.0,6
585,Clifford Hayes,572200.0,7
586,Michael Mason,708900.0,6
587,Lucas Acosta,32000.0,1
588,Casey Edwards,432600.0,4
589,Ashley Harper,280000.0,1
590,Christine Brown,240000.0,2
592,Timothy Medina,533100.0,7
593,William Taylor,60000.0,1
594,Matthew Miranda,136000.0,3
595,Jennifer Johnson,23000.0,2
596,Douglas Johnson,706000.0,4
597,Paul Foster,1635000.0,6
598,Earl Park,340000.0,2
599,David Johnson,950000.0,7
600,James Schaefer,1512600.0,8
601,Mark Herrera,650000.0,2
602,Jeanne Stewart,390000.0,2
603,Shawn Roberson,167000.0,3
604,Craig Miller,249300.0,4
605,Michelle Cooper,16000.0,1
606,Carol Arnold,284600.0,3
607,Robert Rodriguez,651000.0,4
608,Amanda Wade,320000.0,1
609,David Adams,395000.0,2
610,Melissa Jones,915000.0,3
611,Robert Lucas,830000.0,4
612,Jay Hunter,6500.0,1
613,Vanessa Vasquez,595000.0,2
614,Gregory Hernandez,590000.0,3
615,Carolyn Torres,465000.0,5
616,Misty Gregory,105200.0,2
617,Patrick Rodriguez,370000.0,4
618,Alan Torres,957300.0,9
619,Angelica Wood,595200.0,6
620,Alexander Meyer,920000.0,6
621,David Kline,335000.0,2
622,Hannah Bell,550000.0,5
623,Amanda George,250000.0,1
624,Hannah Munoz,240000.0,1
625,Elizabeth Duran,1356300.0,7
626,Tyler Martinez,1125200.0,4
627,Nicole Allen,401000.0,6
628,Kelly Turner,2560000.0,9
629,Alec Kelly,2250000.0,3
630,Charles Thompson,755000.0,3
631,Colin Holt,246500.0,3
632,Paula Reed,2000000.0,2
633,Julie Jackson,783000.0,8
634,Melissa Marshall,1176300.0,4
635,Kelly Anderson,150000.0,1
636,Christopher Clark,2140400.0,7
637,Kevin King,470000.0,2
638,Kaitlyn Reed,386000.0,3
639,James Blankenship,265000.0,2
640,Carrie Jacobson,1398000.0,8
641,Andre Rodriguez,810000.0,4
642,Troy Mitchell,2805200.0,8
643,Stacy Hughes,710000.0,4
644,John Parrish,1370000.0,7
645,Joshua Burton,425000.0,4
646,Pamela Bennett,405000.0,3
647,Michelle Conway,657600.0,7
648,Samantha Barrett,115000.0,2
649,Carrie Johnson,121000.0,3
650,Michael Haynes,718000.0,6
651,Ashley Odonnell,225000.0,1
652,Charles Fleming,440000.0,5
653,Jodi Kim,200200.0,2
654,Amy Ramos,633000.0,5
655,Julie Todd,72000.0,2
656,Adam White,498000.0,5
657,Carly Lucas,695000.0,6
658,Douglas Sanders,610000.0,3
659,Jason Liu,1545000.0,3
660,Jessica Stephenson,1600000.0,6
661,Jennifer Cooper,427300.0,6
662,James Osborn,360000.0,3
663,Haley Todd,390000.0,2
664,Catherine Anderson,40000.0,2
665,Nicole Gutierrez,405000.0,4
666,Emily Griffith,735000.0,5
667,Kelsey Mendoza,1400000.0,6
668,Gregory Campbell,40000.0,1
669,Joseph Moses,297200.0,3
670,Fernando Kelly,402600.0,2
671,Sarah Frederick,450600.0,5
672,Austin Perez,710000.0,6
673,Nicole Davis,758000.0,5
674,Haley Alvarez,1059400.0,11
675,Marissa Wilson,403900.0,2
676,James Sanders,470000.0,3
677,Mario Evans,811300.0,5
678,David Barnett,560000.0,3
679,Wayne Kelly,30000.0,1
680,Benjamin Anderson,806000.0,6
681,Heather Williams,555000.0,3
682,Crystal Mccarthy,1197000.0,4
683,Lauren Diaz,255000.0,2
684,Melissa Cervantes,130000.0,1
685,David Mcgee,295000.0,4
686,Brandon Jenkins,92600.0,2
687,Robert Estrada,1375900.0,6
688,Peter Chavez,505000.0,4
689,Kevin Davis,350000.0,1
690,Cynthia Palmer,225000.0,2
691,Clayton Miles,670000.0,5
692,Paige Brown,1325000.0,5
693,Joseph Maldonado,1545000.0,6
694,Lori Barrera,1079500.0,8
695,Jillian Rodgers,145000.0,2
696,Kristen Lloyd,95200.0,2
697,Kimberly Hodges,260000.0,2
698,Jennifer Mendoza,352600.0,6
699,Kristin Hawkins,1162000.0,6
700,Thomas Navarro,175900.0,3
701,Dylan Stanley,264100.0,5
702,Robert Jackson,379500.0,5
703,David Austin,391500.0,5
704,Susan Thomas,930000.0,5
705,Amy Brewer,680000.0,4
707,Andrea Silva,30000.0,1
708,David Gibson,1130000.0,3
709,Mike Roberts,2345200.0,5
710,April Moore,1969000.0,6
711,Jennifer Carlson,840000.0,2
712,Laura Rogers,1382000.0,3
713,Jason Griffin,1322000.0,6
714,Scott Lane,534100.0,8
715,Rachel Hogan,150000.0,3
716,John Mitchell,1515000.0,3
717,Lisa Palmer,130000.0,1
718,Rebecca Mills,17600.0,2
719,Michelle Bates,1130000.0,3
720,Ariel Salinas,3900.0,1
721,Robert Villa,696600.0,4
722,Alejandro Wagner,340000.0,2
723,Christopher Walter,311700.0,4
724,Kimberly Winters,1740200.0,6
725,Jody Martinez,1365000.0,3
726,Joshua Walker,970000.0,5
727,Rodney Simmons,790000.0,3
728,Lisa Miller,1679300.0,9
729,Elizabeth Hunt,240000.0,2
730,Adam Maldonado,355000.0,2
731,Mike Chavez,225000.0,1
733,Jessica Lin,1760000.0,8
734,Melissa Smith,130000.0,1
735,Elizabeth Kemp,491000.0,6
736,Lisa Lee,1422000.0,6
737,Kimberly Lloyd,260000.0,1
738,Brent Smith,91000.0,2
739,Brian Fuller,505000.0,4
740,Shirley Garcia,250000.0,1
741,Carla Spencer,376600.0,4
742,Wesley Davis,990200.0,6
743,Dorothy Davis,144100.0,3
744,Ashley Hull,1230000.0,3
745,Jennifer Weeks,1280000.0,8
746,James Meyer,428000.0,4
747,Laura Edwards,1163000.0,8
748,Sabrina Hopkins,633000.0,5
749,Linda Lara,571000.0,6
750,Kristi Blackwell,1426000.0,6
751,Christina Brown,110000.0,2
752,Mark Hill,485000.0,2
753,Kelly Ball,595000.0,4
754,Joshua Chandler,1075400.0,6
755,Keith Stafford,135000.0,1
756,Juan Mata,587200.0,5
757,Yvette Clark,795000.0,5
758,Nichole Jones,1105000.0,5
759,Lisa Butler,3513000.0,7
760,Teresa Ochoa,240000.0,2
761,Larry Yates,295200.0,4
762,Linda Webb,646300.0,7
763,David Howard,641000.0,5
764,Jody Gardner,370000.0,3
765,Eric Gaines,146500.0,3
766,Stacey Jones,640000.0,3
767,John Farmer,943900.0,6
768,Melissa Washington,305000.0,2
769,April Sutton,225000.0,1
770,Paul Jarvis,570000.0,3
771,Matthew Greer,2055000.0,10
772,Katelyn Gregory,375000.0,3
773,Gerald Cox,650000.0,5
774,Antonio Evans,1065000.0,6
775,Roy Chavez,1234000.0,8
776,Erica Moore,835200.0,6
777,Charles Vang,15000.0,1
778,Angela Park,356000.0,4
779,Daniel Nielsen,1180000.0,3
780,Elizabeth Miller,1570000.0,3
781,Connor Farrell,725000.0,3
782,Monique Davis,658900.0,5
783,Breanna Gill,301300.0,3
784,Deborah Richardson,160000.0,1
785,Michael Russell,53000.0,2
786,Jeremiah Simmons,255200.0,4
787,Lauren Wallace,330000.0,3
788,William Wright,1877000.0,6
789,Bryan Walker,252600.0,5
790,Andrea Jimenez,360000.0,2
791,April Anderson,181000.0,4
792,Jeff Norris,1530000.0,2
793,Ronald Edwards,60000.0,1
794,Gerald Cooper,190000.0,2
796,Jasmine Lopez,760500.0,6
797,Anthony Martinez,757800.0,4
798,Amber Murphy,276000.0,6
799,Stephanie Dunn,1915000.0,8
800,Ricardo Arnold,1166600.0,7
801,Brandi Bryan,80000.0,2
802,John Mills,91300.0,2
803,Michelle Lewis,1250000.0,1
804,Tiffany Caldwell,1415000.0,4
805,Latoya Baker,1075000.0,4
806,Jacqueline Cantu,1551500.0,7
807,Steven Li,1550000.0,5
808,Brandon Hicks,536500.0,5
809,Kayla Hart,505000.0,3
810,Mary Martin,975000.0,5
811,Mike Matthews,242600.0,2
812,Chris Lane,500000.0,2
813,John Harris,573000.0,6
814,Donna Bennett,1155200.0,5
815,Kimberly Taylor,705000.0,3
816,Erika Martin,375200.0,5
817,Nicole Ross,635000.0,4
818,Patty Carlson,415000.0,2
819,Daniel Vang,1216000.0,7
820,Mary Goodwin,1476900.0,9
821,Margaret Parker,233900.0,4
822,Christine Rivera,740200.0,6
823,Brandon Bennett,385000.0,2
824,Michael Vaughn,240000.0,2
825,Jose Rodriguez,1413000.0,4
826,Ryan Wade,288900.0,3
827,Jonathan Sandoval,155000.0,2
828,Anthony Garner,39000.0,2
829,Jeffery Perez,255000.0,2
830,Joel Charles,350000.0,2
832,Carolyn Miller,82600.0,2
833,Shawn Cooper,1085000.0,6
835,Juan Watkins,1690000.0,5
836,Jennifer Ross,408300.0,5
837,Peter Maxwell,195000.0,2
838,Susan Torres,1006900.0,6
839,Erik Watson,505000.0,3
840,Veronica Ashley,798000.0,5
841,Diane Gomez,565000.0,2
842,Amy Quinn,790000.0,3
843,Chelsea Hester,1690000.0,6
844,Philip Cervantes,790000.0,4
845,Sara Smith,1313000.0,6
846,Chris Garcia,1180000.0,4
847,Eric Mejia,280000.0,4
848,Eric Phillips,461000.0,3
849,Mark Carson,1475000.0,2
850,Zachary Abbott,1173000.0,4
852,Morgan Lewis,405000.0,3
853,James Guerrero,605000.0,6
854,Dennis Dorsey,332800.0,5
855,Linda Shelton,348000.0,3
856,Suzanne Carroll,320000.0,1
857,Daniel Gutierrez,625000.0,2
858,Kristina Stewart,615000.0,4
859,Tiffany Chapman,60000.0,1
860,Christine Maddox,540000.0,2
861,Tim Brock,1380000.0,6
862,Lisa Stewart,420000.0,2
863,Travis Morgan,266000.0,2
864,Cameron Black,655000.0,5
865,Jessica Patterson,812300.0,7
866,Jasmine Guerrero,251500.0,3
867,Jeffrey Sanders,1130000.0,2
868,Timothy Henderson,612600.0,6
869,Krystal Hudson,960000.0,5
870,Thomas Morris,34600.0,3
871,Joel Hall,535000.0,3
872,David Miller,856700.0,6
873,Tracy Bass,1305000.0,5
874,Samuel Patel,1112000.0,7
875,Jennifer Smith,250000.0,1
876,David Whitaker,687900.0,7
877,John Warren,895000.0,5
878,Sarah Brown,1775200.0,5
879,Andrew Johnston,2193000.0,8
880,Miranda Frank,224000.0,3
881,Sarah Guerrero,906000.0,5
882,Megan Kelley,16000.0,1
883,Charles David,1259300.0,3
884,Isaac Byrd,439600.0,4
885,Alexander Jacobs,422000.0,4
886,Ashley Gamble,1065000.0,6
887,Robert Brown,545000.0,3
888,Jade Garza,581900.0,6
889,Robert Carlson,311300.0,5
890,Holly Mckay,2604500.0,7
891,Natalie Hammond,1620000.0,4
892,Logan Hayes,1568900.0,7
893,Taylor Walton,1680000.0,4
894,Felicia Rollins,695000.0,4
895,Aaron Foster,1610000.0,3
896,Tara Church,327000.0,3
897,Johnathan Fox,18900.0,2
898,Joseph Tyler,495000.0,3
899,Whitney Avila,531500.0,5
900,Gary Phillips,186600.0,4
901,Robert Mccoy,1336700.0,7
902,Logan Reyes,781500.0,6
903,Susan Nicholson,500000.0,5
904,Audrey Skinner,1736300.0,6
905,Katie George,840500.0,6
906,Ronald House,160000.0,1
907,Jeffrey Mccall,943000.0,7
908,Michelle Shaw,338000.0,3
909,Jacqueline Frye,379000.0,4
910,Cindy Price,416500.0,3
911,Kelly Le,478200.0,8
912,Brian Randall,790000.0,5
913,Craig Harris,880000.0,4
914,Nicholas Mays,280000.0,1
915,Meagan Valdez,795000.0,2
916,Betty Mcdaniel,700000.0,4
917,Alexandria Marks,2185000.0,7
918,Grant Harris,1210000.0,4
919,Stephanie White,46300.0,2
920,Gary Thomas,1315000.0,3
921,Jessica Taylor,2080000.0,6
922,Isaiah Watson,323900.0,3
923,George Wilkinson,763000.0,5
924,Mikayla Krause,360000.0,2
925,Steve Ayala,48000.0,2
926,Lisa Reynolds,451500.0,5
927,Bradley Sparks,595000.0,5
928,Katherine Oneal,90000.0,1
929,Charles Key,238900.0,4
930,Jason Hubbard,472500.0,6
931,Melissa Lewis,216500.0,4
932,Jessica Harrell,400000.0,3
933,Zachary Khan,2108500.0,8
934,Brandi Phillips,892600.0,5
935,Samantha Brewer,668900.0,5
936,Brian Larson,1220200.0,6
937,Nicole Woods,1050000.0,6
938,Mary Rogers,357600.0,5
939,Megan Tran,755000.0,5
940,Nicole Briggs,1936000.0,6
941,Chelsea Wallace,385000.0,4
942,Melissa Wilkerson,1280000.0,4
943,Sharon Smith,255200.0,2
944,Julie Rodriguez,524000.0,2
945,Misty Parker,1761300.0,6
946,Lisa Cochran,488300.0,5
947,Gabriel Golden,1620000.0,6
948,Deborah Payne,1705000.0,6
949,Madison Goodwin,675000.0,5
950,Cheyenne Mason,676000.0,6
951,Richard Miller,1163900.0,10
952,Jennifer Franklin,48900.0,2
953,Adam Taylor,1423900.0,6
955,Jake Davis,1975000.0,5
956,Christopher Ramos,1340000.0,4
957,Justin Doyle,449000.0,3
958,Joshua West,536300.0,3
959,Andrea Bailey,1260000.0,3
960,Michaela Brown,1338000.0,5
961,Derek Hall,700000.0,5
962,Sharon Wood,644000.0,4
963,Laura Stevenson,149300.0,7
964,Amy Brown,1303000.0,5
965,Donald Poole,650000.0,5
966,Susan Phillips,901500.0,4
967,Brittany Bush,790000.0,5
968,Keith Davis,1400000.0,6
969,Keith Woods,1510000.0,4
970,William Freeman,1005000.0,3
971,Larry Ramos,1406500.0,4
972,Allen Wright,24000.0,1
973,Allen Gilbert,615000.0,4
974,Phillip Rodriguez,597000.0,4
975,Jacqueline Doyle,459500.0,6
976,Paula Rogers,3940000.0,5
977,Gloria Navarro,1991000.0,6
978,Nicole George,255200.0,2
979,Amy Cherry,920000.0,3
980,Alexis Andrews,1535000.0,5
981,Christine Harper,577600.0,5
982,James Munoz,550000.0,3
983,Mike Peck,40000.0,1
984,Janet Long,915000.0,5
985,Lindsey Rivas,110000.0,3
986,Judy Clark,32000.0,1
987,Daniel Harper,1460000.0,6
988,John Thomas,2190000.0,8
989,Jason Huerta,680000.0,5
990,Carmen Bradford,1695000.0,3
991,Darlene Chapman,450000.0,4
992,William Rose,1315000.0,4
993,Julie Wade,1470000.0,4
994,Amy Edwards,487000.0,4
995,Anthony Holloway,5200.0,1
996,Barbara Morris,1531300.0,7
997,Destiny Fields,710000.0,3
998,Joseph Perez,454000.0,5
999,Elizabeth Brooks,196000.0,3
1000,Shannon Haley,48900.0,2
1001,Debbie Johnson,1325000.0,3
1002,John Martin,616500.0,6
1003,Alexandria Nelson,850000.0,3
1004,Sean Davis,1298000.0,5
1005,Elizabeth Contreras,577000.0,4
1006,Martin Williams,2340000.0,7
1007,Bryan Lindsey,352000.0,4
1008,James Barnes,875000.0,4
1009,Stephanie Roy,2600.0,1
1010,Robert Jackson,469000.0,5
1011,Gina Price,440000.0,3
1012,Cynthia Hudson,226500.0,3
1013,Timothy Butler,50000.0,1
1014,Nicholas Stephens,756300.0,5
1015,Courtney Barton,173000.0,3
1016,Patricia Noble,295000.0,2
1017,Robert Jones,32000.0,1
1018,Benjamin Rivera,1200000.0,2
1019,Judy Graham,190000.0,2
1020,Julie Lester,8000.0,1
1021,Isaiah Campbell,255000.0,2
1022,Vanessa Taylor,350000.0,3
1023,Joseph Thomas,1375000.0,4
1024,Adrian Bruce,880000.0,2
1025,Michael Young,1461000.0,6
1026,Johnny Casey,710000.0,3
1027,Joseph Hunt,615000.0,5
1028,Katie Robbins,2083200.0,8
1029,Kimberly Montes,337000.0,4
1030,Anthony Hayden,750000.0,1
1032,Kurt Harrison,182000.0,4
1033,Craig Osborn,295000.0,4
1034,Laura Landry,737000.0,7
1035,Erin Johnson,236300.0,3
1036,Eric Johnson,457900.0,5
1037,Matthew Olson,189300.0,5
1038,Elizabeth Rivas,305000.0,3
1039,Jessica Powell,16000.0,1
1041,Rachel Steele,155200.0,2
1042,Richard Nguyen,1022600.0,5
1043,Kelly Johnson,276000.0,4
1044,Joseph Stephens,2205200.0,5
1045,Natalie Gibson,68600.0,3
1046,Stephanie Bell,1275000.0,5
1047,William Melendez,860000.0,4
1048,Darlene Eaton,960000.0,5
1049,Alicia Blair,1655000.0,4
1050,Robert Hughes,351300.0,2
1051,Heidi Haynes,90000.0,2
1052,Christopher Phillips,201300.0,2
1053,Steve Mitchell,482000.0,5
1054,Ruth Gonzales,259500.0,6
1055,Brandon Ritter,520000.0,3
1056,Dana Perry,1541000.0,5
1057,Casey Stone,32000.0,1
1058,Edward Campbell,1065000.0,6
1059,Justin Taylor,392400.0,5
1060,John Barron,619100.0,6
1061,Justin Holt,1300.0,1
1062,Richard Copeland,350000.0,2
1063,Renee Liu,662200.0,7
1064,Marco Green,398900.0,3
1065,Daniel Hughes,388000.0,3
1066,Linda Bradford,1310400.0,5
1067,Kim Burke,445000.0,2
1068,Andrew Cole,111300.0,3
1069,Grace Silva,345000.0,2
1070,Mark Holt,382500.0,6
1072,Morgan Moore,138900.0,3
1073,John Stone,151300.0,2
1074,Justin Cooper,853300.0,8
1075,Peter Long,820000.0,2
1076,James Johnson,280000.0,1
1077,Mandy Hess,1620600.0,8
1078,Jeremy Miller,540000.0,3
1079,Jeffrey Jones,454300.0,5
1080,Randy Hoffman,335500.0,5
1081,Robert Lucas,78000.0,2
1082,Javier Schmidt,940000.0,3
1083,Tina Hawkins,642000.0,5
1084,Nicole Moss,356300.0,4
1085,Jennifer Taylor,1772800.0,6
1086,Samuel George,1105000.0,5
1087,Cathy Callahan,986800.0,7
1088,Duane Smith,1215000.0,4
1089,Jessica Avila,627000.0,5
1090,Richard Walker,2057300.0,9
1091,Elaine Austin,980000.0,4
1092,Darrell Hines,1674300.0,10
1093,Anthony Wood,495000.0,4
1094,Kathleen Davis,805400.0,6
1095,Wendy Henry,250000.0,1
1096,Andrew Hardy,1745000.0,4
1097,Lori Jacobs,500000.0,2
1098,Betty Mcclain,210000.0,2
1099,Mike Sanders,2020000.0,9
1100,John Jones,1341300.0,3
1101,Timothy Smith,703900.0,6
1102,Christine Cooper,458000.0,4
1103,Steven Martinez,1175000.0,5
1104,Jennifer Guerrero,435300.0,4
1105,Michael Carlson,562000.0,5
1106,Evan Hall,397600.0,3
1107,Matthew Gonzalez,1555000.0,3
1108,Margaret Green,315000.0,3
1109,Michael Wilkins,606000.0,5
1110,Thomas Travis,500000.0,1
1111,Ashley Stanley,260000.0,2
1112,Jasmine Carlson,160000.0,1
1113,Jason Russell,371300.0,3
1114,Anthony Wright,1279100.0,5
1115,Tina White,15000.0,1
1116,Jennifer Dillon,740000.0,3
1117,Jeremy Nichols,272500.0,3
1118,Darrell Thomas,295000.0,2
1119,Valerie Hines,1026000.0,5
1120,Jennifer Young,436500.0,3
1121,Stacy Murphy,795000.0,4
1122,Melissa Levy,266000.0,2
1123,John Wood,455000.0,2
1124,Richard Hopkins,515000.0,4
1125,Jeanne Suarez,1505000.0,8
1126,Caitlin Ortiz,470000.0,5
1127,Wayne Singleton,270000.0,2
1128,Autumn Morgan,653000.0,7
1129,Richard Kelly,427000.0,4
1130,Brian Diaz,636300.0,3
1131,Susan Ramirez,1827000.0,8
1132,Sara Perez,332200.0,7
1133,Jesse Rowe,516000.0,4
1134,Jennifer Williams,203900.0,6
1135,Brian Foster,1145000.0,8
1136,Mary Johnston,1524000.0,4
1137,Kelly Jackson,492600.0,5
1138,Darren Hall,191000.0,3
1139,Eric Hunter,2097000.0,7
1140,Jessica Underwood,721500.0,7
1141,Roberta Boyd,1130000.0,6
1142,Joseph Chavez,1025300.0,3
1143,William Turner,260000.0,1
1144,Brianna Williams,252600.0,2
1145,Sean Williams,260000.0,1
1146,Eric Patterson,690000.0,3
1147,Kimberly Martin,736000.0,5
1148,Julie Graham,3900.0,1
1149,Michael Levine,1104200.0,6
1150,Gary Williams,678900.0,3
1151,Dennis Johnston,372000.0,5
1152,Howard Barr,180000.0,1
1153,Thomas Sanchez,399200.0,6
1154,Tammy Mitchell,560100.0,6
1155,James Jones,1650000.0,3
1156,Danielle Fisher,530000.0,3
1157,Regina Bradford,544900.0,6
1158,Bryan Cunningham,660000.0,3
1159,Steven Jackson,2115000.0,5
1160,Patrick Gross,389000.0,4
1161,Lucas Brown,721000.0,4
1162,Amy Luna,406300.0,4
1163,Adriana Saunders,804000.0,3
1164,Brittany Davis,774000.0,4
1165,Alexis Wilson,2340000.0,7
1166,Daniel Mclaughlin,5200.0,1
1167,Gabriel Sanchez,675000.0,4
1168,Jessica Adams,1225000.0,5
1169,Randy Stevens,180000.0,1
1170,Nathan Richardson,971000.0,6
1171,William Orr,2120000.0,5
1172,Cody Fleming,160000.0,1
1173,Wendy Keith,330000.0,3
1174,Kathleen Anderson,900000.0,3
1175,Justin Friedman,1315200.0,5
1176,Mallory Hernandez,2195000.0,4
1178,Donna Hall,191000.0,3
1179,Alexandra May,1344000.0,8
1180,Chad Walsh,425000.0,3
1181,Lynn Shaw,520000.0,3
1182,Nancy Jones,1790900.0,8
1183,Aaron Ramirez,234000.0,2
1184,Oscar Tucker,615000.0,6
1185,Ian Park,1155200.0,5
1186,Paul Morris,330000.0,3
1187,Raymond Ford,180000.0,1
1188,Anthony Martinez,195200.0,4
1189,Donald Gallegos,362600.0,7
1190,Tyler Campbell,582000.0,6
1191,Jeremy Werner,953900.0,6
1192,Tracy Gross,460000.0,2
1193,Eugene Carroll,60000.0,1
1194,Stephanie Jackson,250000.0,1
1195,Michael Collins,1505000.0,4
1196,Ashley Ortiz,537200.0,4
1197,Bradley Yates,945000.0,4
1198,Christopher Villa,1245900.0,10
1199,Richard Davis,1251000.0,6
1200,Natalie Peters,105000.0,2
1201,Kimberly Lawrence,245000.0,4
1202,William Green,24000.0,1
1203,Barbara Miranda,450000.0,2
1204,Andrew Hendricks,358000.0,4
1205,Timothy Jimenez,445000.0,3
1206,Sheila Young,30000.0,1
1207,Sydney Sanchez,1335200.0,6
1208,Andrew Collins,505000.0,4
1209,Jenna Moses,1783900.0,7
1210,Molly Stewart,1040000.0,4
1211,David Kelly,421300.0,3
1212,Mark Sherman,905000.0,3
1213,David Davis,1486000.0,6
1214,Leonard Horton,480000.0,3
1215,Christopher Thomas,750000.0,3
1216,Patricia Larson,1022600.0,6
1217,Colin Yang,1905000.0,4
1218,Lindsey Gallegos,777600.0,6
1219,Sarah Walsh,868900.0,5
1220,Andrew Pena,733200.0,8
1221,Jennifer Hall,1210000.0,6
1222,Vincent Shannon,1640200.0,6
1223,Alexander Paul,965000.0,5
1224,Diana Patel,796300.0,3
1225,James Johnson,280000.0,1
1226,Charles Wright,545000.0,6
1227,James Mccormick,195000.0,1
1228,William Case,585000.0,3
1229,Alexis Miranda,217100.0,4
1230,Christina Richardson,620000.0,3
1231,Bianca Webb,325000.0,2
1232,Tracy Santana,2751300.0,5
1233,Heather Reilly,1852600.0,7
1234,Robin Dean,740000.0,4
1235,Sarah Mahoney,145000.0,2
1236,Jason Powell,99000.0,2
1237,Amanda Smith,455000.0,3
1238,Troy Patton,10600.0,2
1239,Eric Brown,33300.0,3
1240,Mark Reyes,548900.0,4
1241,Maureen Daniels,945600.0,6
1242,John Ward,496300.0,5
1243,Erin Roberts,310000.0,2
1244,Erik Davis,661300.0,5
1245,Carlos Bennett,1035000.0,5
1246,James Webb,75000.0,1
1247,Chad Lawson,895000.0,4
1248,Emily Landry,273000.0,5
1249,Brittany Ortega,1155000.0,4
1250,Brooke Santiago,830000.0,5
1251,Edward Rangel,938000.0,6
1252,Brad Galloway,1000000.0,3
1253,Dawn Ward,644000.0,7
1254,Brandon Turner,560000.0,2
1255,Kara Wong,208200.0,3
1256,Brooke Miller,328300.0,4
1257,Angela Hodges,418000.0,3
1258,Erica Smith,1835000.0,4
1259,Miranda Perez,135000.0,1
1260,Shawn Long,15000.0,1
1261,Paul Jones,2337000.0,6
1262,Jessica Hawkins,1640000.0,5
1263,Morgan Daniel,1025000.0,5
1264,Lori Tucker,648000.0,4
1265,Jane Hines,1399000.0,7
1266,Janice Parker,1866500.0,5
1267,Thomas Crawford,136200.0,4
1268,Jill Curtis,510000.0,2
1269,Nicholas Fuller,170000.0,3
1270,Sara Randolph,1006300.0,7
1271,Anita Choi,1460000.0,4
1272,Tyler Vasquez,45000.0,1
1273,Lisa Henry,650000.0,4
1274,Mark Castro,1110000.0,6
1275,Mary Lawrence,307600.0,4
1276,Thomas Williamson,2863600.0,8
1277,Keith Rodriguez,1205300.0,6
1278,Sandra Robinson,735200.0,4
1279,Martin Bass,1163000.0,7
1280,Sara Young,490000.0,3
1281,Mark Harper,876300.0,4
1282,Nicole Bennett,603000.0,6
1283,Dwayne Newman,441200.0,6
1284,Lisa Hansen,501500.0,5
1285,Ryan Dawson,1509000.0,5
1286,Michele Lewis,1690000.0,3
1287,Roy Mack,1601300.0,9
1288,Connor Rose,1270000.0,4
1289,Robert Mccoy,759100.0,4
1290,Devin Adams,234000.0,2
1291,Kathryn Moore,176500.0,3
1292,Cheryl Willis,433000.0,4
1293,James Crawford,319900.0,6
1294,Peter Reed,2212000.0,7
1295,Jennifer Franklin,300000.0,2
1296,Calvin Powell,662000.0,5
1297,Travis Wilson,575000.0,2
1298,Jeremy Barton,165000.0,2
1299,Keith Bennett,1268000.0,6
1300,Victor Anthony,215000.0,2
1301,Sandra Palmer,656000.0,5
1302,Stephanie Martin,95200.0,3
1303,Dustin Carter,3060200.0,9
1304,Charlotte Odom,670200.0,5
1306,Curtis Knight,1323000.0,8
1307,George Hall,863500.0,4
1308,Stephanie Young,441500.0,5
1309,Jonathan Turner,2245000.0,6
1310,Bryce Benton,80000.0,1
1311,Elizabeth Peck,1003500.0,9
1312,Brian White,327600.0,3
1313,Sandra Murphy,985000.0,4
1314,Heather Houston,180000.0,1
1315,Benjamin Jones,150000.0,1
1316,Carmen Hernandez,228600.0,4
1317,Kathleen Ferrell,392200.0,4
1318,Andrew Richards,1015200.0,3
1319,Debra Williams,780000.0,5
1320,Ryan Jacobs,630000.0,2
1321,Daniel Taylor,910000.0,7
1322,Heather Escobar,832600.0,5
1323,Patricia Zuniga,3900.0,1
1324,Carol Cordova,1556000.0,6
1325,Jennifer Morgan,637000.0,6
1326,Anthony Sloan,400000.0,2
1327,Samuel Leonard,1640000.0,4
1328,Toni Crawford,503900.0,3
1330,Deanna Cannon,376000.0,3
1331,Craig Zamora,580000.0,2
1332,Laura Werner,1070000.0,3
1333,Douglas Thompson,517000.0,5
1334,Johnathan Pruitt,481300.0,4
1335,James Lewis,1305000.0,6
1336,Kelsey Ochoa,2165000.0,6
1337,Charles Anderson,1050000.0,4
1338,Brian Guzman,350000.0,2
1339,Nicolas Dennis,150000.0,1
1340,Abigail Schmidt,1065000.0,5
1341,Paul Hobbs,1760600.0,4
1342,Hunter Adams,2295000.0,6
1343,Michael Smith,1035000.0,6
1344,Caitlin Hutchinson,150600.0,5
1345,Alexander Clark,529000.0,4
1346,Eric Romero,303000.0,4
1347,George Hill,690000.0,3
1348,William Brown,199000.0,4
1349,Jessica Hall,950000.0,6
1350,Christine Nelson,413000.0,6
1351,Scott Martinez,805000.0,3
1352,Susan Johnson,1230000.0,7
1353,Tonya Johnson,1028000.0,4
1354,Jordan Donaldson,1695000.0,9
1355,Daniel Ward,656500.0,4
1356,John Arnold,140000.0,2
1357,Justin Cooper,436300.0,4
1358,Laura Parks,280000.0,1
1359,Jo Barnes,470200.0,3
1360,Rachel Davis,1111500.0,6
1361,Jennifer Hart,500000.0,3
1362,John Sharp,200000.0,1
1363,Seth Everett,2930000.0,11
1364,Danielle Davis,325000.0,1
1365,Patrick Preston,596300.0,5
1366,Kimberly Stevenson,244900.0,5
1367,Christine Richardson,935000.0,6
1368,Brandon Medina,769000.0,4
1369,Ashley Myers,61000.0,2
1370,Kyle Washington,325000.0,2
1371,Kayla Luna,482600.0,3
1372,Timothy Hendrix,585000.0,3
1373,Sarah Rodriguez,527000.0,5
1374,Anthony Kelley,1717000.0,6
1375,Kevin Rodriguez,362800.0,5
1376,Mark Clark,790900.0,5
1377,Steven Keith,462200.0,7
1378,Joyce Simmons,1721000.0,6
1379,Anthony Howard,2505000.0,8
1380,Victoria Patterson,555000.0,3
1381,Cassandra Green,684000.0,4
1382,Natalie Daniels,360000.0,3
1383,John Lutz,1241000.0,3
1384,Hayley Anthony,629000.0,6
1385,Christina Bates,375000.0,4
1386,Emily Vasquez,391500.0,3
1387,Geoffrey Price,1385000.0,2
1388,Justin Reyes,1601300.0,4
1389,Andrew Jones,625000.0,2
1390,Monica Shaffer,750000.0,1
1391,James Williams,206500.0,4
1392,William Montgomery,1746000.0,6
1393,Alejandro Bonilla,470000.0,3
1394,Tiffany Randolph,1045000.0,3
1395,William Francis,1071300.0,3
1396,Jason Taylor,964000.0,6
1397,Joshua Zavala,1775000.0,3
1398,Nancy Howell,606500.0,5
1399,Kristen Buchanan,883000.0,4
1400,Linda Ward,530000.0,2
1402,Alyssa Hopkins,494000.0,4
1403,Timothy Wright,441500.0,4
1404,John Greene,335200.0,3
1405,Victoria Castaneda,1330000.0,3
1406,Preston Baldwin,1375000.0,7
1407,Laura Adams,2040200.0,6
1408,Mark Dunn,285000.0,2
1409,Melanie Hayes,292000.0,3
1410,Emily Johnson,1820000.0,3
1411,Luis Jackson,1590000.0,5
1412,Caitlyn Reyes,1830000.0,3
1413,Emily Hinton,1145000.0,5
1414,Kathleen Dickson,1045000.0,3
1415,Jennifer Jackson,1617000.0,5
1416,Lance Lindsey,1355000.0,5
1417,Michael Wade,1382000.0,5
1418,Willie Gonzalez,2600.0,1
1419,Jessica Mays,2160000.0,6
1420,Debra Short,625000.0,4
1421,Terry Parker,400000.0,3
1422,Holly Rivera,1280000.0,6
1423,Aaron Morgan,77000.0,2
1424,Karen White,1286300.0,8
1425,Daniel Ortiz,295000.0,2
1426,Donna Burns,477000.0,5
1427,Sarah Williams,867600.0,6
1428,James Mccoy,878400.0,8
1429,Joshua Henry,440000.0,3
1430,Jennifer Gregory,440000.0,4
1431,Michael White,727000.0,6
1432,Mercedes Oneal,78000.0,2
1433,Joseph Knapp,1125000.0,6
1434,Ryan Vaughn,1295000.0,7
1435,Jeffrey Wood,630000.0,5
1436,Charles Osborne,853000.0,7
1437,Whitney Allen,135000.0,1
1438,Paul Webster,1530000.0,4
1439,Tyrone Brown,143900.0,3
1440,James Edwards,566000.0,3
1441,Alison Tucker,1329000.0,4
1442,Donna Jackson,3366000.0,9
1443,Hailey Watson,615000.0,5
1444,Kerri Ortega,260000.0,1
1445,Samantha Clark,314000.0,4
1446,Patrick Conner,299000.0,3
1447,Michele Wright,340000.0,3
1448,Preston Lewis,243900.0,2
1449,Alan Keith,1690000.0,8
1450,James Hayes,102600.0,2
1451,Michael Long,180000.0,2
1452,Diana Olson,1554600.0,7
1453,Tanner Smith,1595000.0,9
1454,Shelly Smith,386000.0,6
1455,Jason Taylor,2120000.0,6
1456,Edwin Valenzuela,210000.0,2
1457,Carla Smith,859200.0,6
1458,Mark Morse,114000.0,2
1459,Richard Jensen,482800.0,4
1460,Kenneth Dixon,953900.0,7
1461,Michael Cook,968000.0,7
1462,Bradley Sutton,340000.0,3
1463,Matthew Mathis,467600.0,4
1464,Brian Hayes,1349000.0,3
1465,Sharon Hernandez,715000.0,4
1466,Joyce Sims,156500.0,3
1467,Darryl Coleman,133000.0,4
1468,Gina Hendricks,285300.0,4
1469,Dennis Perry,890000.0,5
1470,Suzanne Miranda,1045000.0,7
1471,Douglas Schmidt,565000.0,3
1472,Chad Barnes,667300.0,6
1473,Ashley Dawson,745000.0,5
1474,Alyssa Young,15000.0,1
1475,Jeremiah Jensen,2220000.0,7
1476,Jessica Wilson,96500.0,3
1477,Leah Mitchell,582500.0,5
1478,Susan Davis,930000.0,4
1479,Jacob Gomez,91300.0,3
1480,Kelly Davis,435000.0,4
1481,Daniel Washington,930000.0,3
1482,Cody Oliver,50000.0,1
1483,Natalie Phelps,180000.0,1
1484,Cindy Long,415000.0,4
1485,Thomas Jackson,271500.0,4
1486,Nancy Hart,319000.0,6
1487,Joshua Taylor,1065000.0,7
1488,Jeffrey Woods,412600.0,3
1489,Kevin Hall,1587500.0,5
1490,John Noble,6500.0,1
1491,Jeremy Garcia,790000.0,5
1492,Benjamin Thomas,1551300.0,4
1493,Caitlin Wilson,490000.0,3
1494,Pamela Wong,591500.0,6
1495,Ashley Mitchell,2090000.0,8
1496,Amanda Davis,327000.0,3
1497,Angela Wheeler,1310000.0,3
1498,Karen Owens,827800.0,6
1499,Paula Mcbride,600000.0,4
1500,John Torres,645000.0,3
1501,Jeffery Bird,91300.0,2
1502,Jillian Soto,162600.0,3
1503,Patrick Lopez,650200.0,5
1504,Matthew Byrd,867000.0,7
1505,Edgar Jones,756800.0,5
1506,Nicholas Ponce,559000.0,3
1507,David Pierce,1320000.0,3
1508,John Carrillo,945000.0,5
1509,Linda Martin,695000.0,3
1510,Corey Gibbs,232000.0,2
1511,Manuel Hernandez,467600.0,4
1512,David Kent,1076500.0,7
1513,Nathan King,886600.0,6
1514,Stephanie Duncan,2530000.0,4
1515,Judy Bishop,930000.0,6
1516,Alexander Holder,341000.0,5
1517,Kyle Patel,493900.0,5
1518,Janet Norman,1020000.0,7
1519,Rebecca Contreras,123300.0,5
1520,Kelly Jordan,515200.0,3
1521,Nicole Mills,1483000.0,6
1522,Colin Pope,1435000.0,6
1523,Nicholas Dudley,530000.0,4
1524,Emily Davidson,1640000.0,4
1525,Norman Stout,330000.0,2
1526,Joseph Farmer,67500.0,4
1527,James Ramirez,9100.0,2
1528,Zachary Curry,186500.0,2
1529,Brian Smith,1068000.0,5
1530,Edward Murphy,1058900.0,5
1531,Judy Moore,1003900.0,2
1532,Heather Garcia,542000.0,4
1533,Stephanie Todd,403000.0,5
1534,Matthew Harrington,492900.0,6
1535,Daniel Walker,825000.0,3
1536,Michael Chavez,150000.0,2
1537,Valerie Thomas,678600.0,4
1538,Benjamin Ramirez,368000.0,3
1539,Mitchell Cobb,150000.0,2
1540,Derek Brooks,1380000.0,7
1541,Emily Brown,575000.0,3
1542,Julie Newton,280000.0,1
1543,Victoria Moore,407600.0,4
1544,Robert Moore,1091900.0,6
1545,Jesse Hopkins,395000.0,2
1546,Misty Wyatt,970000.0,3
1547,Katie Griffin,90000.0,1
1548,Christina Porter,1606000.0,9
1549,Brent Delacruz,210000.0,3
1550,Sierra Anderson,530000.0,3
1551,Pamela Rodriguez,2035000.0,7
1552,Cynthia Buchanan,89100.0,3
1553,Brandon Terry,146900.0,3
1554,Darrell Watson,502600.0,5
1555,Daniel Burke,415000.0,2
1556,Lauren Tate,360000.0,2
1557,Henry Jones,1338900.0,5
1558,Brenda Schneider,1670000.0,3
1559,Jason Johnson,1335000.0,9
1560,Julie Williams,610000.0,2
1561,Dustin Edwards,1467000.0,7
1562,Jacob Moore,281000.0,3
1563,Kurt Mccoy,1215000.0,5
1564,Adriana English,555200.0,3
1565,Mark Johnson,1760000.0,6
1566,Brittney Klein,143900.0,3
1567,Nicholas Johnston,455000.0,2
1568,Lori Obrien,563000.0,4
1569,Rebecca Jensen,1648000.0,5
1570,John Wilkins,650000.0,3
1571,Carly Fox,1685000.0,3
1572,Linda Cummings,359100.0,3
1573,David Rasmussen,55400.0,3
1574,Helen Cooley,195000.0,5
1575,Virginia Pacheco,775200.0,5
1576,Christopher Shepherd,236000.0,3
1577,Diana Brewer,920000.0,4
1578,Alexander Peterson,964300.0,7
1579,Jennifer Randall,454000.0,4
1580,Thomas Griffin,280000.0,2
1581,Natasha Cook,445000.0,2
1582,Kevin Bryan,1705000.0,3
1583,Dorothy Alexander,1181000.0,4
1584,Megan Cruz,461300.0,4
1585,Wyatt Coleman,736300.0,4
1586,Kristen Lawrence,990000.0,3
1587,Dylan Colon,405000.0,4
1588,John Gonzales,24000.0,1
1589,Kimberly Navarro,318000.0,6
1590,Karen Anderson,415000.0,3
1591,Autumn Sanders,1860000.0,5
1592,Stephanie Buchanan,957000.0,7
1593,Michael Lucas,135000.0,1
1594,Mike Chase,754000.0,6
1595,John Paul,555000.0,4
1596,Amy Lopez,531100.0,7
1597,Monica Jones,500000.0,2
1598,Randall Kennedy,1570200.0,5
1599,Breanna Clements,1139100.0,5
1600,William Schneider,1625000.0,5
1601,Jay English,1005000.0,4
1602,Andrew Diaz,15000.0,1
1603,Holly Wilson,108000.0,2
1604,Melissa Mcpherson,1690000.0,5
1605,Brian Taylor,443000.0,4
1606,David Burgess,990000.0,4
1607,Adrian Singleton,523000.0,8
1608,Stephen Simpson,381500.0,3
1609,Brian Johnson,202600.0,2
1610,Amy Scott,1425000.0,4
1611,Matthew Deleon,504100.0,5
1612,Miguel Hernandez,30000.0,1
1613,Deborah Cortez,549000.0,5
1614,Wendy Lewis,1250000.0,1
1615,Mark Charles,1007000.0,6
1616,Mark Taylor,1007800.0,7
1617,Ronald Todd,1355000.0,5
1618,Malik Torres,690000.0,5
1619,Jon Perry,2250000.0,6
1620,Craig Jacobs,1214600.0,7
1621,Stacy Ramirez,2011300.0,4
1623,William Edwards,785000.0,3
1624,Krista Miller,885200.0,8
1626,Luke Martin,1302600.0,6
1627,Matthew Osborn,215000.0,2
1628,Michael Garcia,370000.0,2
1629,Jonathon Wallace,275200.0,3
1630,John Johnson,785000.0,6
1631,Vincent Riley,889500.0,6
1632,Ashley Delgado,1292600.0,4
1633,Kathryn Morgan,1360000.0,3
1634,Mark Cook,673000.0,4
1635,Joseph Lee,610000.0,4
1636,Natalie Robinson,525000.0,5
1637,Priscilla Acosta,71000.0,4
1638,Brendan Ayers,225000.0,2
1639,John Marshall,491500.0,4
1640,Daniel Morris,500000.0,4
1641,Nicholas Hill,295900.0,3
1642,Jeffrey Taylor,46300.0,2
1643,Evelyn Cordova,1433000.0,6
1644,Kathy Davis,1689000.0,6
1645,Amy Becker,970000.0,4
1646,Brian Shields,545000.0,2
1647,Nicholas Cook,15000.0,1
1648,David Martin,502000.0,4
1649,Kimberly Williams,1365000.0,7
1650,Andre Lamb,1104500.0,7
1651,Keith Baker,495000.0,4
1652,Kelly Hamilton,257000.0,3
1653,Nicole Johnson,413900.0,4
1654,Brian Riley,102600.0,2
1656,Brandon Powell,720000.0,3
1657,Kenneth Swanson,398000.0,5
1658,Brian Macdonald,248000.0,5
1660,Jamie Russo,399000.0,3
1661,Amanda Huff,2540000.0,12
1662,Matthew Brown,437500.0,6
1663,Michael Holder,454000.0,4
1664,Diane King,1470000.0,4
1665,Michael Weaver,1405000.0,3
1666,Regina Johnson,661200.0,6
1667,Maria Tate,1782000.0,4
1668,Mary Dyer,249000.0,2
1669,Crystal Vincent,680000.0,2
1670,Joan Miller,990000.0,4
1671,John Owens,232600.0,4
1672,Tiffany Perry,796000.0,3
1673,Carol Figueroa,455000.0,4
1674,Debra Lopez,461300.0,3
1675,Karen Cain,2190000.0,8
1676,Jack Mata,1030000.0,2
1677,Emily Clark,1940000.0,5
1678,Joshua Faulkner,725200.0,5
1679,Patricia White,681000.0,5
1680,Peter Perez,410000.0,2
1681,Alexandra Costa,420000.0,2
1682,Lucas Carter,135000.0,1
1683,Rachel King,1835000.0,8
1684,Leslie Cole,391000.0,3
1685,Sonya Robertson,865000.0,3
1686,Jennifer Perry,1166000.0,5
1687,Jason Perry,404000.0,4
1688,Sarah Rogers,225000.0,2
1689,Christopher Stephens,778900.0,4
1690,Anthony Evans,535000.0,2
1691,Anthony Guzman,955000.0,4
1692,Lisa Owens,90000.0,2
1693,Deanna Mcguire,1671300.0,4
1694,Kristen Simmons,75000.0,2
1695,Monica King,135000.0,1
1696,Derek Anderson,169000.0,4
1697,Wanda Boyd,760000.0,4
1698,James Carter,8000.0,1
1699,Benjamin Butler,580000.0,3
1700,Jennifer Olson,255000.0,3
1701,James Page,320000.0,1
1702,Steven Atkinson,416200.0,4
1703,Elizabeth Richards,1165000.0,6
1704,Christina Williams,365000.0,3
1705,Stephanie Walker,1935000.0,4
1706,Kathryn Stokes,1245000.0,5
1707,Brittany Garcia,445000.0,3
1708,Lori Bell,1208000.0,8
1709,Savannah Lee,161600.0,4
1710,Dale Black,1490000.0,9
1711,Neil Farley,1176500.0,8
1712,Kara Rogers,830000.0,5
1713,Carolyn Sanchez,1082600.0,3
1714,Trevor Jones,493600.0,5
1715,Justin Lin,451000.0,4
1716,Susan Jones,130000.0,2
1717,Evelyn Miller,465000.0,3
1718,Juan Hoover,1250000.0,2
1719,Laurie Hill,951300.0,6
1720,Melissa Archer,2682000.0,4
1721,Alison Robinson,16000.0,1
1722,Shari House,248500.0,3
1723,Jessica Johnson,608900.0,5
1724,Kelly Adams,1638500.0,6
1725,Sarah Wall,155000.0,2
1726,Heather Hill,237600.0,3
1727,Scott Valdez,807600.0,5
1728,Jeff Walton,899900.0,5
1729,Samuel Bishop,1715000.0,3
1730,Danielle Hutchinson,260000.0,2
1731,Miranda Evans,757000.0,4
1732,Heather Ward,592600.0,5
1733,Rhonda Dennis,150000.0,1
1734,David Jackson,425000.0,3
1735,Jennifer Brown,350000.0,2
1736,Michael Williams,211800.0,4
1737,Craig Jones,1386000.0,5
1738,Tiffany Monroe,243900.0,3
1739,Thomas Gutierrez,480000.0,3
1740,Aaron Mitchell,1145200.0,8
1741,Sandra Morales,676500.0,6
1742,Christopher Thompson,465000.0,3
1743,Shaun Zimmerman,586500.0,5
1744,Sarah Jones,296500.0,3
1745,Monique Bird,243900.0,3
1746,Lawrence Coffey,279000.0,4
1747,Sarah Cain,50200.0,3
1748,Misty Hensley,431000.0,4
1749,Richard Cortez,5200.0,1
1750,Anita Mclean,355000.0,3
1751,Jasmin Terry,2860000.0,5
1752,Ryan Heath,468900.0,4
1753,Laura Dougherty,1258000.0,2
1755,Scott Norman,195000.0,1
1756,Mark Lopez,36500.0,2
1757,James Williams,285000.0,3
1758,Donald Mendez,405000.0,2
1759,Tamara Carter,642500.0,5
1760,Brittney Johnson,410000.0,3
1761,Gina Nichols,286300.0,3
1762,Jeffrey Smith,3900.0,1
1763,Daniel Washington,1008000.0,6
1764,Lisa Matthews,994600.0,6
1765,Holly Bennett,234300.0,4
1766,Michael Bennett,255000.0,2
1767,Chelsea Booth,490000.0,3
1768,Matthew Harris,260000.0,1
1769,Jennifer Fisher,1392600.0,3
1770,Daniel Lester,1610000.0,4
1771,Richard Robinson,150000.0,1
1772,Alexandra Lane,193200.0,4
1773,Timothy Contreras,1395000.0,4
1774,Heather Moore,1430300.0,5
1775,Christopher Garcia,772000.0,5
1776,Jason Johns,543000.0,4
1777,Cynthia Hall,140000.0,2
1778,Joseph Tucker,1010000.0,5
1779,Vanessa Maxwell,1506000.0,5
1780,Christian Hammond,1010000.0,5
1781,Michael Knox,2290000.0,5
1782,Billy Wilcox,150000.0,2
1783,Cynthia Galvan,386500.0,3
1784,Jason Chavez,873900.0,4
1785,Mikayla Joyce,805000.0,4
1786,Amy Mckinney,198600.0,4
1787,Shawn Holt,245000.0,2
1788,Kenneth Owens,136300.0,2
1789,Jessica Young,500000.0,1
1790,Max Guzman,381500.0,4
1791,Brenda Owens,1344000.0,5
1793,Benjamin Williams,48900.0,2
1794,Diana Anderson,705000.0,5
1795,Justin Drake,176500.0,4
1796,Amy Wilson,1000000.0,1
1797,Michael Sharp,580200.0,3
1798,James Rodriguez,90000.0,1
1799,Matthew Rodriguez,490000.0,4
1800,Michael Cook,62600.0,2
1801,Nicole Rogers,1015000.0,4
1802,Joshua Singh,571000.0,5
1803,Sandra Nunez,247300.0,5
1804,Beth Berry,583000.0,3
1805,Joshua Thomas,467600.0,4
1806,Michele Lewis,1371300.0,6
1807,Kristen Leonard,376000.0,3
1808,Michael Johns,312000.0,2
1809,David Nelson,1210000.0,6
1810,Bonnie Lopez,220000.0,2
1811,Rita Hamilton,2836300.0,5
1812,Duane Lawrence,2180000.0,7
1813,Ronald Fowler,490000.0,2
1814,Lynn Perkins,470000.0,3
1815,Victoria Ellis,1395000.0,3
1816,Allison Young,1615000.0,7
1817,Debra Jenkins,1382000.0,3
1818,Brooke Miles,1717900.0,7
1819,Karen Martin,176000.0,4
1820,Emily Davis,419100.0,4
1821,Frank Bean,385000.0,4
1822,Lori Jackson,726500.0,3
1823,Karen Kelley,1382000.0,4
1824,Blake Brown,490800.0,6
1825,Mary Malone,1095000.0,6
1826,Benjamin Chan,576000.0,4
1827,Monique Lee,1375000.0,7
1828,Sheila Hunt,1513000.0,6
1829,Tamara Brown,1860000.0,5
1830,Sandra Gray,416500.0,3
1831,Benjamin Wu,889000.0,6
1832,Crystal Mays,274500.0,4
1833,Angela Coleman,405000.0,3
1834,David Thomas,1286500.0,7
1835,Justin Steele,320000.0,1
1836,Valerie Hayes,737600.0,5
1837,Jennifer Thomas,2086000.0,6
1838,Nicole Evans,1036000.0,6
1839,Ryan Wilkinson,242000.0,3
1840,Kelly Chang,350000.0,4
1841,Brooke Macdonald,320000.0,1
1842,Andrew Thompson,640000.0,3
1843,Alexander Lamb,676300.0,3
1844,Jonathan Smith,436300.0,4
1845,Brendan Ruiz,715000.0,5
1846,Ronald West,832000.0,6
1847,Valerie Jordan,65000.0,1
1848,Michelle Myers,375000.0,5
1849,Laura Cox,1130000.0,2
1850,Jasmine Rose,368000.0,4
1851,Anna Baker,545000.0,2
1852,Henry Wyatt,2108900.0,6
1853,Tiffany Watts,1026300.0,7
1854,Randy Hayes,835000.0,3
1855,Andrew Coleman,1000000.0,1
1856,Katelyn Wallace,783000.0,5
1857,Kyle Kennedy,946000.0,5
1858,Christopher Hansen,413300.0,5
1859,Joseph Herrera,470000.0,3
1860,Rhonda Henderson,745000.0,4
1861,Tyler Chandler,275100.0,4
1862,Sydney Love,599000.0,3
1863,Savannah Richards,880000.0,5
1864,Dennis Beard,430000.0,2
1865,Alicia Jackson,1100000.0,6
1866,Michelle Mitchell,277500.0,5
1867,Julie Lowery,288900.0,3
1868,Andrew Martin,1260000.0,4
1869,Jeffrey Moore,760000.0,5
1870,Thomas Lambert,315000.0,3
1871,Ronald Lloyd,60000.0,1
1872,Jennifer Hogan,1080000.0,7
1873,Mitchell Johnson,1535000.0,5
1874,Kim Woodward,370000.0,3
1875,Jason Prince,2318900.0,5
1876,Bonnie Cole,109300.0,3
1877,Elizabeth Barron,736300.0,4
1879,Carol Lane,2385000.0,8
1880,Jeremy Mendez,640000.0,3
1881,David Stevens,1726200.0,7
1882,Mary Boyer,65000.0,1
1883,Teresa Ford,2015000.0,4
1884,Sandra Moore,353900.0,5
1885,Emma Wolf,1750000.0,5
1886,Rebecca Mckenzie,140000.0,1
1887,Jessica Harris,735000.0,4
1888,Bill Nunez,558000.0,4
1889,Derek Peters,270000.0,2
1890,Kim Massey,920000.0,5
1891,Rachael Harper,331000.0,3
1893,Michael Gibbs,3221500.0,10
1894,Marcus Bentley,1140000.0,4
1895,Teresa Anthony,675000.0,6
1896,Chelsea Roberts,693000.0,8
1897,Spencer Carpenter,425000.0,4
1898,Thomas Levy,2535000.0,7
1899,Jason Miller,474300.0,5
1900,Norman Joseph,295000.0,4
1901,Michael Harrison,1392600.0,7
1902,Sandra Buck,471000.0,4
1903,Mary Richardson,1660000.0,3
1904,Zachary Perry,480000.0,3
1905,Christopher Love,370000.0,2
1907,Teresa Schwartz,1575000.0,4
1908,Nicole James,2125200.0,5
1909,Richard Smith,190000.0,2
1910,Shelby Barnett,708900.0,5
1911,Marc Morales,191600.0,6
1912,Mario Cannon,201300.0,3
1913,Randy Morrison,345000.0,2
1914,Miranda Sanchez,2378000.0,8
1915,Benjamin Perez,745000.0,4
1916,Amber Foster,2225000.0,7
1917,Bruce Dodson,1418000.0,7
1918,Danielle Avery,176000.0,2
1919,Joseph Bauer,352000.0,2
1920,Caitlin Stokes,465000.0,3
1921,Randy Thomas,514000.0,4
1922,Thomas Rivera,1874000.0,6
1923,David Barnes,240000.0,1
1924,William Hopkins,1035000.0,6
1925,Sierra Jordan,315000.0,2
1926,David Johnson,380000.0,3
1927,Amy Contreras,280000.0,1
1928,Bryan Gentry,705000.0,4
1929,Elizabeth Drake,1186500.0,4
1930,Angie Landry,1345000.0,7
1931,Amy Mccall,1256300.0,5
1932,Eric Mitchell,716500.0,6
1933,Michael Hernandez,1765000.0,4
1934,Sandra Taylor,486000.0,3
1936,Lisa Wiggins,296500.0,3
1937,Manuel King,45200.0,2
1939,Steven Reynolds,90000.0,1
1940,Wendy Rogers,330000.0,3
1941,Kenneth Wright,910000.0,4
1942,Susan Dean,447000.0,5
1943,Dana Adkins,1030500.0,6
1944,Jodi Gray,450000.0,3
1945,Amanda Brown,806000.0,6
1946,Faith Bass,385000.0,2
1947,Rebecca Wright,1390000.0,2
1948,Jerry Campbell,272000.0,4
1949,Michael Williams,550000.0,2
1950,Steven Patel,465000.0,3
1951,Edward Madden,1850000.0,5
1952,Angela Smith,902000.0,5
1953,Andrea Smith,172000.0,2
1954,Travis Kerr,263000.0,3
1955,Kimberly Smith,327000.0,3
1956,Pamela Fernandez,2942000.0,8
1957,Curtis Fischer,576000.0,5
1958,Sheila Sanchez,3900.0,1
1959,Benjamin Davis,390000.0,2
1960,Jacob Williams,1445000.0,3
1961,Teresa Dalton,545000.0,3
1962,Michael Simon,1520000.0,3
1963,Scott Nelson,671500.0,4
1964,Teresa Jordan,405300.0,5
1965,Ana Ross,3120000.0,7
1966,George Moreno,320000.0,2
1967,Elizabeth Good,226000.0,5
1968,Bill Wong,1020000.0,5
1969,Christopher Hicks,1750000.0,2
1970,Lisa Anthony,130000.0,2
1971,Ashley Daniels,1630000.0,3
1972,Andrew Arroyo,160000.0,1
1973,Joseph Martinez,500000.0,2
1974,James Davis,782000.0,6
1975,Timothy Nichols,615000.0,4
1976,Hannah Snow,1665000.0,4
1977,Donna Ayers,1796700.0,7
1978,Carl Gardner,825000.0,6
1979,Raymond Mckinney,1522000.0,4
1980,Edgar Palmer,185200.0,2
1981,Jennifer Foster,1451000.0,9
1982,Isaiah Hartman,156000.0,3
1983,Tara David,1190600.0,5
1984,Adam Davis,155500.0,4
1985,Allison Garner,2038000.0,7
1986,Steve White,810000.0,3
1987,Eric Waters,182000.0,2
1988,Roger Mcmillan,269300.0,6
1989,Jeremy Kelley,498000.0,5
1990,Regina Coleman,445000.0,3
1991,Erica Daniel,262500.0,3
1992,David Gomez,1622000.0,5
1993,Samantha Lambert,206500.0,4
1994,Laurie Barnes,710000.0,5
1995,James Hernandez,300000.0,2
1996,Jeremy Conley,248000.0,4
1997,Michelle Meyer,821300.0,3
1998,Jonathan Jones,90000.0,1
1999,Patrick Jensen,60000.0,1
2000,Gary Morton,215000.0,3
